Gene,T-stat,p-value,p-adj,-log10(p),-log10(p-adj),log2FC,Gene_clean,query,symbol
ENSG00000105926.15,-6.536109953922782,1.1409080098924209e-06,,5.942749370837404,,-1.5071571673712751,ENSG00000105926,ENSG00000105926,PALS2
ENSG00000187824.8,-6.1874251368665245,2.593972006666642e-06,,5.58603471499666,,-2.605552355839616,ENSG00000187824,ENSG00000187824,TMEM220
ENSG00000255042.2,-4.998128273371723,4.686026126322639e-05,,4.329195294380515,,-2.650268946550921,ENSG00000255042,ENSG00000255042,SEPTIN7P11
ENSG00000172967.7,-4.907190575070622,5.872206742216719e-05,,4.231198662658859,,-2.2011496471614924,ENSG00000172967,ENSG00000172967,XKR3
ENSG00000254786.1,-4.7712271635453884,8.233990105917902e-05,,4.084389659192776,,-2.3544486949096486,ENSG00000254786,ENSG00000254786,
ENSG00000253953.2,4.759679094201419,8.474092702881004e-05,,4.071906789316683,,1.1084856646019074,ENSG00000253953,ENSG00000253953,PCDHGB4
ENSG00000234945.7,-4.741857763167202,8.858512306433464e-05,,4.052639207159932,,-2.048355925408606,ENSG00000234945,ENSG00000234945,GTF3C2-AS1
ENSG00000127083.7,-4.576953799331137,0.0001336033973766,,3.874182498124122,,-1.96807496352652,ENSG00000127083,ENSG00000127083,OMD
ENSG00000168589.14,-4.3555354701251305,0.0002320972511026,,3.63433000318062,,-2.0306058401827225,ENSG00000168589,ENSG00000168589,DYNLRB2
ENSG00000250493.2,-4.346367774518321,0.0002374654576902,,3.6243995549887975,,-2.0625717506166774,ENSG00000250493,ENSG00000250493,LOC101929227
ENSG00000146378.6,-4.346336297971761,0.0002374841009218,,3.62436546019928,,-2.072125286288913,ENSG00000146378,ENSG00000146378,TAAR2
ENSG00000148541.12,-4.258042934450163,0.0002959712039166,,3.5287505409290123,,-1.369494298686024,ENSG00000148541,ENSG00000148541,FAM13C
ENSG00000109205.16,-4.250519652935164,0.000301574002196,,3.520606100433092,,-1.7294060824734714,ENSG00000109205,ENSG00000109205,ODAM
ENSG00000188674.10,-4.228881598790717,0.0003182845031669,,3.4971845060630504,,-1.3841568147523016,ENSG00000188674,ENSG00000188674,C2orf80
ENSG00000116721.9,-4.216343543914877,0.0003283861361062,,3.483615186326253,,-1.545865077743745,ENSG00000116721,ENSG00000116721,PRAMEF1
ENSG00000232456.1,-4.1891413159131865,0.0003514133917212,,3.454181692357398,,-1.967715599540077,ENSG00000232456,ENSG00000232456,FAM131C2P
ENSG00000105549.10,-4.18757964147058,0.0003527831281244,,3.452492193204754,,-1.6372180002104264,ENSG00000105549,ENSG00000105549,SPMAP2
ENSG00000187862.11,4.143432795343545,0.0003937808255939,,3.4047454348242594,,1.0719723928507638,ENSG00000187862,ENSG00000187862,TTC24
ENSG00000161835.10,-4.138927216234319,0.0003982226641068,,3.3998740265375536,,-1.9245200439536565,ENSG00000161835,ENSG00000161835,TAMALIN
ENSG00000233539.5,-4.114245447883779,0.000423453869508,,3.3731938942100483,,-1.6843267664344037,ENSG00000233539,ENSG00000233539,LOC730338
ENSG00000238132.2,-4.095653310869516,0.0004435033137383,,3.353103130887704,,-1.5374858613949731,ENSG00000238132,ENSG00000238132,GOLM2P1
ENSG00000164744.12,-4.052634711890065,0.0004935813905106,,3.306641222862339,,-1.6580418342569512,ENSG00000164744,ENSG00000164744,SUN3
ENSG00000162631.18,-4.042012095655293,0.0005067876778044,,3.2951739532333417,,-1.5085212880459868,ENSG00000162631,ENSG00000162631,NTNG1
ENSG00000185917.13,-3.9918812655753495,0.0005739974224106,,3.241090057837856,,-1.2510600165343493,ENSG00000185917,ENSG00000185917,SETD4
ENSG00000223510.6,-3.985381420074,0.0005833350730903,,3.2340819107778045,,-2.132817858348482,ENSG00000223510,ENSG00000223510,CDRT15
ENSG00000230445.4,-3.977685858538552,0.0005945852476394,,3.2257858703551703,,-1.2924977411315852,ENSG00000230445,ENSG00000230445,LRRC37A6P
ENSG00000173269.13,-3.975020353841911,0.0005985318706086,,3.222912719341208,,-1.4295118249216838,ENSG00000173269,ENSG00000173269,MMRN2
ENSG00000211820.1,-3.966321492475215,0.0006115930687959,,3.213537445105256,,-2.5443687722000297,ENSG00000211820,ENSG00000211820,TRAV41
ENSG00000180673.9,-3.915181014957744,0.0006942874357122,,3.158460693954494,,-1.5482940360785646,ENSG00000180673,ENSG00000180673,EXOC5P1
ENSG00000198774.4,-3.9010866586983033,0.000718961565354,,3.1432943257517825,,-1.4734308053987135,ENSG00000198774,ENSG00000198774,RASSF9
ENSG00000183747.11,-3.867190091411812,0.0007819086356998,,3.1068439903282656,,-1.2010817460296166,ENSG00000183747,ENSG00000183747,ACSM2A
ENSG00000218823.1,-3.8631776131034954,0.0007897114283174,,3.102531577044178,,-1.560604608734066,ENSG00000218823,ENSG00000218823,PAPOLB
ENSG00000105048.16,3.850041718157001,0.0008157979452167,,3.088417392892618,,1.2076075960377315,ENSG00000105048,ENSG00000105048,TNNT1
ENSG00000181958.3,-3.839913685860452,0.0008364905846512,,3.0775389429944777,,-2.2375576588258634,ENSG00000181958,ENSG00000181958,OR4A15
ENSG00000170323.8,-3.8343238631500474,0.0008481322536229,,3.071536420691148,,-1.303990171391161,ENSG00000170323,ENSG00000170323,FABP4
ENSG00000181963.5,-3.82664604578558,0.0008643836154232,,3.0632934738558144,,-2.372166930880766,ENSG00000181963,ENSG00000181963,OR52K2
ENSG00000102934.9,-3.819968968745124,0.0008787663651816,,3.05612657407239,,-1.6525056422649185,ENSG00000102934,ENSG00000102934,PLLP
ENSG00000260266.1,-3.795729864459635,0.0009329910759561,,3.030122510252991,,-1.7328556509938278,ENSG00000260266,ENSG00000260266,PPIAP46
ENSG00000235039.1,-3.773424772228847,0.0009857977585714,,3.006212173644432,,-1.3876646084257511,ENSG00000235039,ENSG00000235039,MTND6P12
ENSG00000204361.8,-3.73057529341504,0.0010956389876798,,2.960332522025076,,-1.8008871140072868,ENSG00000204361,ENSG00000204361,NXPE2
ENSG00000122176.10,-3.719741111647321,0.0011252684654332,,2.9487438516443296,,-1.3920347096399457,ENSG00000122176,ENSG00000122176,FMOD
ENSG00000168398.6,-3.6827471453191616,0.0012325059306597,,2.9092109822766123,,-1.678530266608656,ENSG00000168398,ENSG00000168398,BDKRB2
ENSG00000197062.11,-3.674196296436403,0.001258688423359,,2.90008176215789,,-1.1915113314344947,ENSG00000197062,ENSG00000197062,ZSCAN26
ENSG00000178202.12,-3.661488786958953,0.0012986113899025,,2.886520792322534,,-1.2179582018762605,ENSG00000178202,ENSG00000178202,POGLUT3
ENSG00000243797.6,-3.641128049871988,0.0013651864413541,,2.864808033662007,,-1.218763911004868,ENSG00000243797,ENSG00000243797,
ENSG00000138399.17,-3.634943308219551,0.0013860648594575,,2.8582164468919955,,-1.04779377375876,ENSG00000138399,ENSG00000138399,FASTKD1
ENSG00000220924.4,-3.6343554239225457,0.0013880656760858,,2.857589984827212,,-2.3673169389176043,ENSG00000220924,ENSG00000220924,OSTCP4
ENSG00000203727.3,-3.633799131324869,0.0013899615839192,,2.856997202711689,,-1.970697353313683,ENSG00000203727,ENSG00000203727,SAMD5
ENSG00000283380.1,-3.629583342251211,0.001404412340203,,2.8525053631581736,,-1.0273005944997544,ENSG00000283380,ENSG00000283380,LOC124905258
ENSG00000137960.5,-3.623566470355509,0.001425292553121,,2.8460959839601823,,-1.1074929206484037,ENSG00000137960,ENSG00000137960,GIPC2
ENSG00000263465.3,-3.6148215722868073,0.001456183995559,,2.836783746446484,,-1.9483664382809656,ENSG00000263465,ENSG00000263465,SRSF8
ENSG00000268660.1,-3.609761713063615,0.0014743570454298,,2.831397330532144,,-1.6731497318963358,ENSG00000268660,ENSG00000268660,LETM1P2
ENSG00000248305.1,-3.6088661435572855,0.001477596679074,,2.830444093651613,,-2.128092993418146,ENSG00000248305,ENSG00000248305,
ENSG00000186188.10,-3.600654083957249,0.0015076304436526,,2.821705101404928,,-1.5033895355342135,ENSG00000186188,ENSG00000186188,FFAR4
ENSG00000248049.6,-3.5977947154497123,0.001518227836476,,2.818663050114109,,-1.8625156454740932,ENSG00000248049,ENSG00000248049,UBA6-DT
ENSG00000236476.2,-3.5477149516709776,0.00171612166087,,2.7654519269933697,,-1.8807709449761745,ENSG00000236476,ENSG00000236476,
ENSG00000225568.1,-3.528041369262509,0.0018005917817776,,2.744584736384526,,-2.2164201485638304,ENSG00000225568,ENSG00000225568,LOC100421468
ENSG00000274299.1,-3.504108920819354,0.001908845189439,,2.719229292192321,,-1.7377280272651718,ENSG00000274299,ENSG00000274299,
ENSG00000237321.1,-3.487994007606508,0.0019852964903838,,2.702174625161757,,-1.0039524908490087,ENSG00000237321,ENSG00000237321,
ENSG00000174448.8,-3.4802730643244986,0.0020229782168591,,2.6940087936250507,,-1.7942857757007478,ENSG00000174448,ENSG00000174448,STARD6
ENSG00000162444.11,-3.474496913570453,0.0020516245274491,,2.6879021175258933,,-1.9875104818511613,ENSG00000162444,ENSG00000162444,RBP7
ENSG00000237828.1,-3.4738302707859647,0.0020549560814731,,2.6871974554315488,,-1.4987468476182706,ENSG00000237828,ENSG00000237828,PA2G4P1
ENSG00000099992.15,-3.4633856143953885,0.0021078485194406,,2.6761606029162603,,-1.628674450224436,ENSG00000099992,ENSG00000099992,TBC1D10A
ENSG00000162676.11,-3.462911167690256,0.0021102824558597,,2.67565941161632,,-1.7942640613569367,ENSG00000162676,ENSG00000162676,GFI1
ENSG00000219073.7,-3.4487020045812926,0.0021844614258747,,2.660655619838674,,-1.8863830859413115,ENSG00000219073,ENSG00000219073,CELA3B
ENSG00000232175.1,-3.4477231673974837,0.0021896641225426,,2.659622497449093,,-1.174371619818846,ENSG00000232175,ENSG00000232175,
ENSG00000087088.19,3.43078127787389,0.0022816527659747,,2.641750448127895,,1.4388634146085968,ENSG00000087088,ENSG00000087088,BAX
ENSG00000073008.14,-3.4260674674061145,0.0023079105249108,,2.6367810322973804,,-1.5015856275873676,ENSG00000073008,ENSG00000073008,PVR
ENSG00000196171.3,-3.4161110884852026,0.0023643436201789,,2.6262894053276726,,-2.421236954955484,ENSG00000196171,ENSG00000196171,OR6K2
ENSG00000270230.1,-3.410950554241205,0.0023941208017214,,2.6208539398955937,,-1.0614581733478832,ENSG00000270230,ENSG00000270230,MTND6P22
ENSG00000132429.9,-3.4107622236073114,0.0023952143877614,,2.620655608239068,,-1.860876948385586,ENSG00000132429,ENSG00000132429,POPDC3
ENSG00000165682.14,-3.402907825221856,0.0024412589132232,,2.612386158058782,,-1.7139992173413066,ENSG00000165682,ENSG00000165682,CLEC1B
ENSG00000174899.10,-3.4028363605405647,0.0024416817922397,,2.6123109353457044,,-1.4142481353853045,ENSG00000174899,ENSG00000174899,SLC66A1LP
ENSG00000183346.6,-3.4017301672753764,0.0024482365968323,,2.611146614413093,,-1.1646491630181446,ENSG00000183346,ENSG00000183346,CABCOCO1
ENSG00000132204.13,-3.40129357592235,0.0024508283576176,,2.610687103252108,,-1.3654424753577368,ENSG00000132204,ENSG00000132204,LINC00470
ENSG00000234754.1,-3.4004172994029447,0.0024560383154859,,2.609764862256311,,-2.257265456075886,ENSG00000234754,ENSG00000234754,LINC02817
ENSG00000237472.1,-3.384051396145716,0.002555349013236,,2.5925497749144326,,-2.165020473572996,ENSG00000237472,ENSG00000237472,ATP5PFP2
ENSG00000134216.18,-3.3833201536140547,0.0025598763959696,,2.5917810041585803,,-1.0206676403251116,ENSG00000134216,ENSG00000134216,CHIA
ENSG00000109929.9,-3.3741163891725314,0.0026175322906194,,2.582107952036379,,-1.163231856059307,ENSG00000109929,ENSG00000109929,SC5D
ENSG00000259697.1,-3.373564671272581,0.0026210283371837,,2.581528283663857,,-1.272184525967298,ENSG00000259697,ENSG00000259697,LOC107984784
ENSG00000179111.8,-3.37118673069765,0.0026361486132894,,2.5790301099686763,,-2.366249149591213,ENSG00000179111,ENSG00000179111,HES7
ENSG00000235638.1,-3.3573911908611707,0.0027255576549,,2.5645446267200787,,-1.1440739385563332,ENSG00000235638,ENSG00000235638,MTND6P14
ENSG00000267508.5,-3.357227353632031,0.0027266370149507,,2.564372673901625,,-1.373697450144382,ENSG00000267508,ENSG00000267508,ZNF285
ENSG00000249375.7,-3.354500708893636,0.002744661322402,,2.561511237693449,,-1.0133589094534772,ENSG00000249375,ENSG00000249375,CASC11
ENSG00000250122.1,3.324267145283245,0.0029524473147171,,2.529817843462725,,1.2491532102386744,ENSG00000250122,ENSG00000250122,
ENSG00000228307.1,-3.32242720628166,0.002965574581798,,2.5278911493389487,,-1.6608033640783697,ENSG00000228307,ENSG00000228307,OR2S1P
ENSG00000187987.9,-3.3223910144634745,0.0029658333645843,,2.527853253467609,,-1.644719140928511,ENSG00000187987,ENSG00000187987,ZSCAN23
ENSG00000170091.10,-3.31591566425822,0.0030124889855228,,2.5210745323126464,,-1.257112394465967,ENSG00000170091,ENSG00000170091,NSG2
ENSG00000104938.16,-3.3156368551618223,0.0030145137645296,,2.520782728768068,,-1.3339155314368287,ENSG00000104938,ENSG00000104938,CLEC4M
ENSG00000263711.5,-3.3151704568469564,0.003017903817454,,2.520294605585806,,-1.0910901485313491,ENSG00000263711,ENSG00000263711,LINC02864
ENSG00000224159.1,-3.3082415756217323,0.0030687051934494,,2.51304483167502,,-1.5723211144631737,ENSG00000224159,ENSG00000224159,HMGB1P9
ENSG00000251260.1,-3.297789258083504,0.0031469144415084,,2.5021150645497165,,-2.0401677762698074,ENSG00000251260,ENSG00000251260,WDFY3-AS1
ENSG00000011198.7,-3.2893628262713457,0.0032113705636135,,2.493309577819664,,-1.1302009278301537,ENSG00000011198,ENSG00000011198,ABHD5
ENSG00000272750.1,-3.287431847809387,0.0032263206070891,,2.491292477935505,,-1.722485443285236,ENSG00000272750,ENSG00000272750,
ENSG00000150628.6,-3.2567931517579187,0.0034727628201114,,2.4593248767624485,,-1.5542765885029468,ENSG00000150628,ENSG00000150628,SPATA4
ENSG00000164211.12,-3.2441672844287885,0.0035795439927787,,2.446172295711949,,-1.4649341779330902,ENSG00000164211,ENSG00000164211,STARD4
ENSG00000102802.9,-3.232332070159583,0.0036825219313931,,2.433854658021069,,-1.229481969968117,ENSG00000102802,ENSG00000102802,MEDAG
ENSG00000173281.4,-3.229550124479461,0.0037071407965516,,2.430960919229611,,-1.2933842464094991,ENSG00000173281,ENSG00000173281,PPP1R3B
ENSG00000164588.6,-3.2231344112109497,0.0037645256985674,,2.424289733798139,,-1.2120192779596783,ENSG00000164588,ENSG00000164588,HCN1
ENSG00000254185.1,-3.2181092753624188,0.0038100722022922,,2.419066794203652,,-1.2761256091442388,ENSG00000254185,ENSG00000254185,MAPK6P5
ENSG00000174529.7,-3.2135363483399035,0.0038519831045921,,2.4143156264276877,,-1.6117796556745034,ENSG00000174529,ENSG00000174529,TMEM81
ENSG00000183978.7,-3.2130028207354657,0.003856901847778,,2.4137614131201546,,-1.474730160746657,ENSG00000183978,ENSG00000183978,COA3
ENSG00000262117.5,-3.203558766651456,0.0039449816221721,,2.4039550156251077,,-1.766519591469324,ENSG00000262117,ENSG00000262117,BCAR4
ENSG00000120162.9,-3.197007752721443,0.0040072189622408,,2.397156926223444,,-1.6101025373671125,ENSG00000120162,ENSG00000120162,MOB3B
ENSG00000249532.4,-3.1956984391657506,0.0040197713172957,,2.395798653000488,,-1.9399763746899652,ENSG00000249532,ENSG00000249532,MIR302CHG
ENSG00000215474.7,-3.1954143107993027,0.0040225002640134,,2.3955039187243745,,-1.21134915752567,ENSG00000215474,ENSG00000215474,SKOR2
ENSG00000179913.10,-3.194922142399246,0.0040272315964407,,2.3949933944392234,,-1.8588496355147297,ENSG00000179913,ENSG00000179913,B3GNT3
ENSG00000236532.5,-3.1948240612983496,0.0040281751162127,,2.3948916576934542,,-1.1283145334807183,ENSG00000236532,ENSG00000236532,LINC01695
ENSG00000143297.18,-3.1932128225045884,0.0040437055230749,,2.3932204787883005,,-1.1431323138814509,ENSG00000143297,ENSG00000143297,FCRL5
ENSG00000172717.15,-3.190372090840378,0.0040712278618189,,2.390274589990721,,-1.2073264338051075,ENSG00000172717,ENSG00000172717,GARIN2
ENSG00000112031.15,-3.184169623278665,0.0041319509366999,,2.383844843988567,,-1.3117925354534736,ENSG00000112031,ENSG00000112031,MTRF1L
ENSG00000183559.11,-3.18311879829568,0.0041423250003529,,2.3827558300387186,,-1.5379259714499576,ENSG00000183559,ENSG00000183559,C10orf120
ENSG00000233117.2,-3.171335029217493,0.0042603949275514,,2.3705501410600487,,-1.054045666859479,ENSG00000233117,ENSG00000233117,LINC00702
ENSG00000251453.1,-3.1710124744757766,0.0042636721110295,,2.370216201224894,,-1.9601726360220235,ENSG00000251453,ENSG00000251453,HAUS1P1
ENSG00000120129.5,-3.169580472729712,0.004278250790976,,2.368733760684413,,-1.2716193961636566,ENSG00000120129,ENSG00000120129,DUSP1
ENSG00000153294.11,-3.168069709726057,0.004293683493059,,2.367169972541624,,-1.3603967254474707,ENSG00000153294,ENSG00000153294,ADGRF4
ENSG00000267374.1,-3.166756133196508,0.0043071455824447,,2.3658104487426472,,-1.1980721224183215,ENSG00000267374,ENSG00000267374,MIR924HG
ENSG00000084072.16,-3.1638248769241177,0.0043373334516588,,2.362777188261989,,-1.1628880510392496,ENSG00000084072,ENSG00000084072,PPIE
ENSG00000261156.6,-3.163399756097477,0.0043417285331285,,2.362337334324706,,-1.2189938895884482,ENSG00000261156,ENSG00000261156,LINC01989
ENSG00000135917.13,-3.162555125263928,0.0043504734508311,,2.3614634773224603,,-1.1681649633359277,ENSG00000135917,ENSG00000135917,SLC19A3
ENSG00000136231.13,-3.1536336633871205,0.0044438866212656,,2.352237029926226,,-1.247004873123716,ENSG00000136231,ENSG00000136231,IGF2BP3
ENSG00000230787.1,-3.1485278712505744,0.0044982152695219,,2.346959764523237,,-1.5170325485818292,ENSG00000230787,ENSG00000230787,PSAT1P3
ENSG00000115598.9,-3.1483393759203,0.0045002331891095,,2.3467649817536227,,-1.1277159696371597,ENSG00000115598,ENSG00000115598,IL1RL2
ENSG00000154478.3,-3.138440130108222,0.004607444768238,,2.3365398621844604,,-1.614358803024839,ENSG00000154478,ENSG00000154478,GPR26
ENSG00000163449.10,-3.134586615321472,0.0046498420503291,,2.3325617993327445,,-1.5862924630217283,ENSG00000163449,ENSG00000163449,TMEM169
ENSG00000157399.14,-3.129644347433298,0.0047047689747427,,2.3274616975199853,,-1.201019311685187,ENSG00000157399,ENSG00000157399,ARSL
ENSG00000265273.1,-3.125334368829966,0.0047531789914981,,2.3230158310752587,,-1.3274529702841535,ENSG00000265273,ENSG00000265273,PGDP1
ENSG00000224406.5,-3.125147571344153,0.0047552879352022,,2.3228231811695705,,-1.0440209441933623,ENSG00000224406,ENSG00000224406,LINC02052
ENSG00000180061.9,-3.1224092553024634,0.0047863072374081,,2.319999427070602,,-1.6840112836987282,ENSG00000180061,ENSG00000180061,TMEM150B
ENSG00000001460.17,-3.1175368943255584,0.004841983578994,,2.31497668774938,,-1.239285618972766,ENSG00000001460,ENSG00000001460,STPG1
ENSG00000229586.2,-3.11151496372036,0.0049116586822904,,2.3087718205208243,,-1.7560330085763272,ENSG00000229586,ENSG00000229586,TNPO1P3
ENSG00000141437.8,-3.1100402767075668,0.0049288678109176,,2.307252829189331,,-2.2749371427091143,ENSG00000141437,ENSG00000141437,SLC25A52
ENSG00000180138.7,-3.108563885062219,0.0049461550076199,,2.305732277400696,,-1.788527633437706,ENSG00000180138,ENSG00000180138,CSNK1A1L
ENSG00000175826.11,-3.108335738047056,0.0049488316050334,,2.3054973237699707,,-1.287220326202135,ENSG00000175826,ENSG00000175826,CTDNEP1
ENSG00000255525.1,-3.1043278557961598,0.0049960798102235,,2.3013706325751584,,-1.3436864239586046,ENSG00000255525,ENSG00000255525,
ENSG00000259158.3,-3.1016565197564625,0.0050278126669287,,2.2986209122181305,,-1.6921305073326711,ENSG00000259158,ENSG00000259158,ADAM20P1
ENSG00000162407.8,-3.095628962517392,0.0051001287141145,,2.2924188632894538,,-1.4765138304549763,ENSG00000162407,ENSG00000162407,PLPP3
ENSG00000249400.1,-3.094619340807786,0.0051123392247535,,2.29138033666681,,-1.0645998475750542,ENSG00000249400,ENSG00000249400,HMGB3P17
ENSG00000231924.9,-3.09350310439791,0.0051258719041781,,2.290232251059243,,-1.92850193803833,ENSG00000231924,ENSG00000231924,PSG1
ENSG00000251165.5,-3.0890694397847738,0.0051799646403275,,2.285673204842228,,-2.415279812269976,ENSG00000251165,ENSG00000251165,F11-AS1
ENSG00000232578.4,-3.088916953841958,0.005181834776759,,2.285516438645793,,-1.504876502439341,ENSG00000232578,ENSG00000232578,LOC100533629
ENSG00000232009.1,-3.0872641783748143,0.0052021466783209,,2.283817406717744,,-1.247670038358695,ENSG00000232009,ENSG00000232009,
ENSG00000149295.13,-3.0853028870974843,0.0052263495199105,,2.281801549546965,,-1.402003639953734,ENSG00000149295,ENSG00000149295,DRD2
ENSG00000225362.8,-3.074423055301453,0.0053625893080462,,2.2706254620484856,,-1.986059060434444,ENSG00000225362,ENSG00000225362,CT62
ENSG00000183908.5,-3.070176845200186,0.0054166827008338,,2.266266603828148,,-1.701420375957278,ENSG00000183908,ENSG00000183908,LRRC55
ENSG00000168930.13,-3.0631296225814046,0.0055076186536975,,2.2590361378283954,,-1.6644450304690257,ENSG00000168930,ENSG00000168930,TRIM49
ENSG00000225099.1,-3.062252435796585,0.0055190398793778,,2.2581364678062426,,-2.071163115290429,ENSG00000225099,ENSG00000225099,ATP6V1E1P1
ENSG00000104921.14,-3.061822674721484,0.0055246437986755,,2.257695717870285,,-1.211153643104734,ENSG00000104921,ENSG00000104921,FCER2
ENSG00000261557.1,-3.058811324173424,0.0055640643580864,,2.25460785527953,,-1.4742038154095207,ENSG00000261557,ENSG00000261557,EEF1A1P38
ENSG00000170486.10,-3.054522746272612,0.0056206715885807,,2.250211789450681,,-1.0776235154524283,ENSG00000170486,ENSG00000170486,KRT72
ENSG00000231333.2,-3.048188372390603,0.0057052957475554,,2.2437218379763024,,-2.0377649674819285,ENSG00000231333,ENSG00000231333,RPL34P6
ENSG00000120329.6,-3.044949819816095,0.005749032741565,,2.240405217977692,,-1.680768470747563,ENSG00000120329,ENSG00000120329,SLC25A2
ENSG00000125657.4,-3.043393094101252,0.0057701709161136,,2.2388113225763835,,-1.6938219536713406,ENSG00000125657,ENSG00000125657,TNFSF9
ENSG00000147234.10,-3.042721966702364,0.0057793069030065,,2.238124242245307,,-1.158616348303979,ENSG00000147234,ENSG00000147234,FRMPD3
ENSG00000139187.9,-3.0385944136976377,0.0058358010189646,,2.233899524496013,,-1.1195219715884226,ENSG00000139187,ENSG00000139187,KLRG1
ENSG00000257230.1,-3.0344445213777904,0.0058931352526123,,2.229653591351968,,-2.007916260531972,ENSG00000257230,ENSG00000257230,LINC02448
ENSG00000214249.3,-3.0333912312562417,0.0059077731549946,,2.2285761889568154,,-1.1224485648590492,ENSG00000214249,ENSG00000214249,CTAGE11P
ENSG00000185559.13,-3.032748868600217,0.0059167173964927,,2.227919173679692,,-1.9762124311081009,ENSG00000185559,ENSG00000185559,DLK1
ENSG00000154438.7,-3.0314587079314856,0.0059347208475115,,2.226599704213446,,-1.0815259305636171,ENSG00000154438,ENSG00000154438,ASZ1
ENSG00000109943.8,-3.030369721089044,0.0059499579446163,,2.2254861039328984,,-1.328327980530707,ENSG00000109943,ENSG00000109943,CRTAM
ENSG00000164520.11,-3.0264490186447413,0.00600512792333,,2.221477736669965,,-1.5436976939510838,ENSG00000164520,ENSG00000164520,RAET1E
ENSG00000186567.12,-3.014876761087755,0.0061708436173195,,2.209655459418661,,-1.271608941739915,ENSG00000186567,ENSG00000186567,CEACAM19
ENSG00000267719.1,-3.011342556712561,0.0062223220730459,,2.2060475131684023,,-1.2659878544940917,ENSG00000267719,ENSG00000267719,LINC02078
ENSG00000062096.14,-3.011006170674836,0.0062272432068811,,2.205704172444035,,-1.4328944634350165,ENSG00000062096,ENSG00000062096,ARSF
ENSG00000251550.1,-3.009319794432558,0.0062519702245845,,2.2039830990036826,,-1.9109560744305931,ENSG00000251550,ENSG00000251550,
ENSG00000211815.3,-3.008366844566723,0.0062659847519833,,2.203010666290821,,-2.1965273298697627,ENSG00000211815,ENSG00000211815,TRAV36DV7
ENSG00000171476.21,-3.006377249870792,0.006295341817815,,2.2009806840532398,,-1.357070328879512,ENSG00000171476,ENSG00000171476,HOPX
ENSG00000197651.4,-3.004738979090782,0.0063196139418015,,2.1993094514749467,,-1.012189744450413,ENSG00000197651,ENSG00000197651,CCER1
ENSG00000158296.13,-2.9959189477709804,0.0064518380296841,,2.1903165439020085,,-1.2354829027665757,ENSG00000158296,ENSG00000158296,SLC13A3
ENSG00000060642.10,-2.995466994678932,0.0064586843303687,,2.18985594117742,,-1.15535152061049,ENSG00000060642,ENSG00000060642,PIGV
ENSG00000280163.1,-2.993742981201568,0.0064848641037789,,2.188099120520116,,-1.0370405656230053,ENSG00000280163,ENSG00000280163,
ENSG00000171574.17,-2.992878985360798,0.0064980224110672,,2.187218795147692,,-1.0652150664897384,ENSG00000171574,ENSG00000171574,ZNF584
ENSG00000227436.1,-2.985862613513511,0.0066058302717494,,2.1800725891353125,,-1.842476922605541,ENSG00000227436,ENSG00000227436,FCF1P1
ENSG00000250803.6,-2.982959349546181,0.0066509387426421,,2.17711705214405,,-1.5317010012012409,ENSG00000250803,ENSG00000250803,ZNF475
ENSG00000188991.3,-2.981814086303168,0.0066688138850813,,2.1759514028107727,,-1.3205675334502696,ENSG00000188991,ENSG00000188991,SLC15A5
ENSG00000146733.13,-2.979888459222254,0.0066989726051032,,2.1739917982167865,,-1.5153997376655537,ENSG00000146733,ENSG00000146733,PSPH
ENSG00000242070.1,-2.97758020579383,0.0067352960304677,,2.171643311362934,,-2.169023567345377,ENSG00000242070,ENSG00000242070,NPM1P17
ENSG00000133392.17,-2.976311491616292,0.0067553411534622,,2.1703527136552845,,-1.1008768262027386,ENSG00000133392,ENSG00000133392,MYH11
ENSG00000224834.1,-2.9720519809329065,0.0068230580917724,,2.1660209311048506,,-1.974282432623664,ENSG00000224834,ENSG00000224834,BTF3P9
ENSG00000184108.7,-2.971117210146208,0.0068380056051685,,2.1650705475445764,,-1.0238902758338249,ENSG00000184108,ENSG00000184108,TRIML1
ENSG00000125245.12,-2.970318366025872,0.0068508044050857,,2.1642584316930797,,-1.7487142254820414,ENSG00000125245,ENSG00000125245,GPR18
ENSG00000163440.11,-2.9688305904226047,0.006874702157099,,2.162746112673024,,-2.035918478022169,ENSG00000163440,ENSG00000163440,PDCL2
ENSG00000225215.1,-2.968818182046536,0.0068749018046586,,2.1627335005521644,,-1.5472392314475856,ENSG00000225215,ENSG00000225215,SMARCE1P1
ENSG00000130167.13,-2.9687886240746604,0.0068753774071267,,2.162703457303677,,-2.063879641745141,ENSG00000130167,ENSG00000130167,TSPAN16
ENSG00000102245.7,-2.963962111776413,0.0069534621312644,,2.1577989061834097,,-1.3110000829696165,ENSG00000102245,ENSG00000102245,CD40LG
ENSG00000267634.1,-2.959375229019204,0.0070284558406763,,2.1531400794660938,,-2.0569703998200106,ENSG00000267634,ENSG00000267634,RPL7L1P5
ENSG00000214788.2,-2.957805790179972,0.0070542927235298,,2.151546522897043,,-1.8837105114787691,ENSG00000214788,ENSG00000214788,
ENSG00000174946.6,-2.9568126715901446,0.0070706888370446,,2.1505382745263355,,-1.6442774428547524,ENSG00000174946,ENSG00000174946,GPR171
ENSG00000221628.1,-2.955034472948428,0.0071001374985198,,2.1487332408203312,,-1.536754644970135,ENSG00000221628,ENSG00000221628,MIR1302-4
ENSG00000055813.5,-2.9533007948197048,0.0071289617558835,,2.1469737151023107,,-1.1129552427606824,ENSG00000055813,ENSG00000055813,CCDC85A
ENSG00000217482.2,-2.953218949962374,0.0071303252765696,,2.14689065772218,,-1.0560425430369482,ENSG00000217482,ENSG00000217482,HMGB1P17
ENSG00000179695.1,-2.9446801710307144,0.0072739580282195,,2.13822920921549,,-2.218257839396831,ENSG00000179695,ENSG00000179695,OR6C2
ENSG00000266865.6,-2.940451651585685,0.0073461067848246,,2.133942762932865,,-1.4844244569325715,ENSG00000266865,ENSG00000266865,
ENSG00000180745.4,-2.9396555785328444,0.0073597659893455,,2.1331359942428856,,-1.9368656728494564,ENSG00000180745,ENSG00000180745,CLRN3
ENSG00000255003.1,-2.9374230316788847,0.0073982021267038,,2.13087380747413,,-1.1083819167363096,ENSG00000255003,ENSG00000255003,CYCSP28
ENSG00000154548.8,-2.937257878963641,0.0074010530469004,,2.130706482982386,,-1.505543686371985,ENSG00000154548,ENSG00000154548,SRSF12
ENSG00000253146.1,-2.9369078245498064,0.0074070992713554,,2.1303518348120214,,-1.237468712891639,ENSG00000253146,ENSG00000253146,CIR1P1
ENSG00000253488.1,-2.935871468234861,0.0074250271477852,,2.1293019541169085,,-1.2262815541695204,ENSG00000253488,ENSG00000253488,SINHCAFP3
ENSG00000231625.4,-2.930320315794028,0.0075217641187177,,2.1236802901034,,-1.8430204785023137,ENSG00000231625,ENSG00000231625,SLC47A1P2
ENSG00000270449.1,-2.9258488487761065,0.0076005601527321,,2.119154399525005,,-1.896357721242832,ENSG00000270449,ENSG00000270449,
ENSG00000205639.9,-2.9251864354231567,0.0076123000020776,,2.1184841044260714,,-1.748070192855698,ENSG00000205639,ENSG00000205639,MFSD2B
ENSG00000223797.5,-2.922971088398572,0.0076516881639412,,2.116242737473695,,-1.597908048235917,ENSG00000223797,ENSG00000223797,
ENSG00000258710.7,-2.9228589464873567,0.007653687176769,,2.1161292923309305,,-2.0811080587226565,ENSG00000258710,ENSG00000258710,LINC01193
ENSG00000226937.9,-2.9220134623433114,0.0076687746179586,,2.1152740257738816,,-1.485476017225397,ENSG00000226937,ENSG00000226937,CEP164P1
ENSG00000264880.1,-2.9198726522793828,0.0077071038782599,,2.113108787445672,,-1.1380101957164377,ENSG00000264880,ENSG00000264880,
ENSG00000227638.2,-2.917635452671638,0.0077473542845555,,2.110846583402146,,-1.2940648696926351,ENSG00000227638,ENSG00000227638,HNRNPA1P14
ENSG00000214896.4,-2.9164023909214123,0.0077696245091088,,2.1095999693023626,,-1.8772096164024332,ENSG00000214896,ENSG00000214896,RPSAP55
ENSG00000165874.12,-2.9159665371641195,0.0077775110326178,,2.1091593641599014,,-1.4861152362265475,ENSG00000165874,ENSG00000165874,SHLD2P1
ENSG00000100060.17,-2.914729944348241,0.0077999280786621,,2.1079094018203106,,-1.1937413169804805,ENSG00000100060,ENSG00000100060,MFNG
ENSG00000188050.2,-2.9117425925944467,0.0078543376982103,,2.1048904301197897,,-1.2058499390033617,ENSG00000188050,ENSG00000188050,RNF133
ENSG00000182132.13,-2.908976540166071,0.0079050394753726,,2.1020959569912665,,-1.4305360836632568,ENSG00000182132,ENSG00000182132,KCNIP1
ENSG00000165182.10,-2.9089763660008074,0.0079050426776338,,2.102095781062469,,-1.2393759053905893,ENSG00000165182,ENSG00000165182,CXorf58
ENSG00000204334.7,-2.9040001873915644,0.0079970432713114,,2.0970705540463936,,-1.379390166097385,ENSG00000204334,ENSG00000204334,ERICH2
ENSG00000254593.1,-2.9024234051426023,0.0080264075990314,,2.095478789591537,,-2.303167865444142,ENSG00000254593,ENSG00000254593,OR7E126P
ENSG00000184984.9,-2.899948005966492,0.0080727143535118,,2.092980414404772,,-1.4327115315102663,ENSG00000184984,ENSG00000184984,CHRM5
ENSG00000248216.1,-2.899223350522788,0.0080863184609599,,2.092249158981303,,-1.3027459161768176,ENSG00000248216,ENSG00000248216,KCTD9P5
ENSG00000169258.6,-2.8990405941663844,0.0080897528343964,,2.092064747151327,,-1.6759173958751248,ENSG00000169258,ENSG00000169258,GPRIN1
ENSG00000175104.14,-2.898642383910393,0.008097240854011,,2.0916629423574857,,-1.1021720071437349,ENSG00000175104,ENSG00000175104,TRAF6
ENSG00000154316.15,-2.8981582977385933,0.0081063526010272,,2.091174509729535,,-1.0112577794766604,ENSG00000154316,ENSG00000154316,TDH
ENSG00000171942.4,-2.896125818322184,0.0081447158966286,,2.0891240601189343,,-1.9373026761736245,ENSG00000171942,ENSG00000171942,OR10H2
ENSG00000234315.1,-2.8947898551701785,0.0081700265793205,,2.0877765305871088,,-1.9712620169437751,ENSG00000234315,ENSG00000234315,OSTCP5
ENSG00000074842.7,-2.893162709065737,0.0082009551992678,,2.0861355605905207,,-1.198858501595362,ENSG00000074842,ENSG00000074842,MYDGF
ENSG00000237990.3,-2.892453518661288,0.008214470310995,,2.085420435689495,,-1.6012291917562576,ENSG00000237990,ENSG00000237990,CNTN4-AS1
ENSG00000108924.13,-2.8924247994925425,0.008215018062085,,2.08539147735914,,-1.8239150788768328,ENSG00000108924,ENSG00000108924,HLF
ENSG00000244674.1,-2.889456123379274,0.008271826813993,,2.0823985669138785,,-1.5832449340008925,ENSG00000244674,ENSG00000244674,RPS3AP15
ENSG00000196368.4,-2.887335229170962,0.0083126414515719,,2.080260951479577,,-1.796806756519821,ENSG00000196368,ENSG00000196368,NUDT11
ENSG00000177558.3,-2.886729249783595,0.0083243381673725,,2.0796502853512444,,-1.9559630494862132,ENSG00000177558,ENSG00000177558,FAM187B
ENSG00000283605.1,-2.8829649898381864,0.0083973485922597,,2.075857817928562,,-1.3574348301104815,ENSG00000283605,ENSG00000283605,OR4C48P
ENSG00000169313.9,-2.881564506976101,0.0084246673271345,,2.0744472395180216,,-1.4342922896506842,ENSG00000169313,ENSG00000169313,P2RY12
ENSG00000253555.1,-2.881489428295131,0.0084261342496575,,2.074371625743112,,-1.0849093173719433,ENSG00000253555,ENSG00000253555,TARDBPP4
ENSG00000273033.2,-2.8804444320398512,0.0084465771578398,,2.073319246389548,,-1.368305305428967,ENSG00000273033,ENSG00000273033,LINC02035
ENSG00000277147.4,-2.8788896996670803,0.0084770793198306,,2.0717537531404875,,-1.2660125920138865,ENSG00000277147,ENSG00000277147,LINC00869
ENSG00000255413.1,-2.877692964668535,0.0085006293958983,,2.070548917456765,,-1.9656867943042649,ENSG00000255413,ENSG00000255413,LOC100419761
ENSG00000165655.16,2.8765052170902683,0.0085240642186715,,2.069353287053845,,1.4314563770752102,ENSG00000165655,ENSG00000165655,ZNF503
ENSG00000161649.12,-2.875776489836569,0.0085384727966004,,2.068619800894262,,-1.1893855307250345,ENSG00000161649,ENSG00000161649,CD300LG
ENSG00000228901.3,-2.8743976763533965,0.008565798529666,,2.067232144565093,,-1.956343261968296,ENSG00000228901,ENSG00000228901,HMGN2P36
ENSG00000158901.11,-2.874272305694172,0.0085682872887533,,2.067105980338129,,-1.1703792410448066,ENSG00000158901,ENSG00000158901,WFDC8
ENSG00000268834.1,-2.8699009626763003,0.0086554955607783,,2.0627080620288782,,-1.5971970051754203,ENSG00000268834,ENSG00000268834,OR7A1P
ENSG00000197468.5,-2.8691563825237525,0.0086704339135407,,2.061959167628649,,-2.057070327204056,ENSG00000197468,ENSG00000197468,OR7E85BP
ENSG00000205809.9,-2.8686407415286888,0.0086807934904911,,2.061440575193166,,-1.513165482385368,ENSG00000205809,ENSG00000205809,KLRC2
ENSG00000262477.1,-2.86857236655636,0.0086821680745748,,2.061371811084985,,-1.459348048740896,ENSG00000262477,ENSG00000262477,
ENSG00000224682.1,-2.8669780629251647,0.00871427814726,,2.059768582122055,,-1.2384620576588354,ENSG00000224682,ENSG00000224682,SOCS5P2
ENSG00000186212.3,-2.8662942716976896,0.0087280846576029,,2.059081049982559,,-1.5949039716110192,ENSG00000186212,ENSG00000186212,SOWAHB
ENSG00000227682.2,-2.863144388406194,0.0087919536390687,,2.055914610660736,,-1.5800287723186002,ENSG00000227682,ENSG00000227682,ATP5F1AP2
ENSG00000125831.9,-2.859939334803539,0.0088573977123996,,2.0526938543147835,,-2.06713062518958,ENSG00000125831,ENSG00000125831,CST11
ENSG00000139973.16,-2.859224971389485,0.0088720473619905,,2.051976148441827,,-1.481771365347172,ENSG00000139973,ENSG00000139973,SYT16
ENSG00000260089.2,-2.8560464960625915,0.0089375091920865,,2.0487834985256423,,-1.4970568680731398,ENSG00000260089,ENSG00000260089,ADAM3B
ENSG00000260765.2,-2.8554148072361523,0.0089505736712099,,2.048149128454304,,-1.6839357052022377,ENSG00000260765,ENSG00000260765,CES1P2
ENSG00000213754.2,-2.854588800266301,0.0089676844167684,,2.0473196834714704,,-1.711334437197741,ENSG00000213754,ENSG00000213754,KPNA4P1
ENSG00000257195.1,-2.851250181253544,0.0090371615307249,,2.043967955046364,,-1.4507116202087915,ENSG00000257195,ENSG00000257195,HNRNPA1P50
ENSG00000180974.3,-2.8486282106631817,0.0090920837003331,,2.0413365748800314,,-2.006177283169363,ENSG00000180974,ENSG00000180974,OR52E4
ENSG00000231169.4,-2.847034786895941,0.0091256159108309,,2.039737814252492,,-1.401452228521164,ENSG00000231169,ENSG00000231169,EEF1B2P1
ENSG00000163347.5,-2.845503995667685,0.0091579408041972,,2.038202168025351,,-1.3982147577203867,ENSG00000163347,ENSG00000163347,CLDN1
ENSG00000261205.2,-2.8448386236746246,0.0091720250255007,,2.037534768985488,,-1.360968785657453,ENSG00000261205,ENSG00000261205,NIFKP4
ENSG00000115290.9,-2.8437673643491137,0.0091947441217494,,2.0364603521310136,,-1.0029161321147655,ENSG00000115290,ENSG00000115290,GRB14
ENSG00000129596.4,-2.841037565822508,0.0092528793689684,,2.033723099751144,,-1.528700053742495,ENSG00000129596,ENSG00000129596,CDO1
ENSG00000235105.1,-2.8391955062059746,0.0092923061157101,,2.031876491707154,,-1.6857073367987023,ENSG00000235105,ENSG00000235105,
ENSG00000146166.16,-2.838832537850418,0.0093000937623886,,2.03151267292104,,-1.2788748750296717,ENSG00000146166,ENSG00000146166,LGSN
ENSG00000152760.9,-2.838241004258109,0.0093127986717238,,2.030919785717308,,-1.668164492626495,ENSG00000152760,ENSG00000152760,DYNLT5
ENSG00000146352.12,-2.8366700420937123,0.0093466197923373,,2.029345423454317,,-1.875998566909306,ENSG00000146352,ENSG00000146352,CLVS2
ENSG00000136867.10,-2.8355042944068,0.0093717924977472,,2.028177335747395,,-1.197716926439114,ENSG00000136867,ENSG00000136867,SLC31A2
ENSG00000168792.4,2.834554302178116,0.0093923538939391,,2.027225552032426,,1.4658624233155628,ENSG00000168792,ENSG00000168792,ABHD15
ENSG00000232423.6,-2.833905364943501,0.0094064239651963,,2.026575450680757,,-2.156753146346361,ENSG00000232423,ENSG00000232423,PRAMEF6
ENSG00000251537.4,-2.8330343025898603,0.0094253415766277,,2.02570290190132,,-1.731184253168433,ENSG00000251537,ENSG00000251537,
ENSG00000173171.14,-2.831223675420375,0.0094647802576287,,2.0238894645324192,,-1.2318118657153476,ENSG00000173171,ENSG00000173171,MTX1
ENSG00000254412.1,-2.8292359239357863,0.0095082575470881,,2.021899063190771,,-1.3477544785600384,ENSG00000254412,ENSG00000254412,
ENSG00000205078.5,-2.828962245032121,0.0095142584544,,2.0216250551659414,,-1.6995294789662798,ENSG00000205078,ENSG00000205078,SYCE1L
ENSG00000238426.1,-2.8234185883206635,0.0096365904719179,,2.016076596922032,,-1.0831782566623662,ENSG00000238426,ENSG00000238426,Y_RNA
ENSG00000236510.1,-2.8233507999315344,0.0096380955645711,,2.016008771855088,,-1.0757085441232892,ENSG00000236510,ENSG00000236510,
ENSG00000158301.18,-2.821748573030124,0.0096737345631068,,2.0144058333585115,,-1.2685054270078453,ENSG00000158301,ENSG00000158301,GPRASP2
ENSG00000232185.1,-2.8215211561603595,0.009678803221196,,2.014178339650593,,-1.3860755479020237,ENSG00000232185,ENSG00000232185,CNOT7P2
ENSG00000241462.1,-2.8211478107107317,0.0096871297983335,,2.0138048810908464,,-1.1652800088361557,ENSG00000241462,ENSG00000241462,
ENSG00000215127.6,-2.819496971513622,0.00972402941605,,2.0121537360474515,,-1.5075652790446694,ENSG00000215127,ENSG00000215127,SYT14P1
ENSG00000205596.4,-2.818522711561364,0.0097458686880326,,2.011179444426817,,-1.6569299531833883,ENSG00000205596,ENSG00000205596,
ENSG00000102021.10,-2.8163125547090986,0.0097955849244023,,2.008969625840183,,-1.8070585090172235,ENSG00000102021,ENSG00000102021,LUZP4
ENSG00000187833.7,-2.815279128506289,0.0098189137834107,,2.007936553349801,,-1.6841765509305346,ENSG00000187833,ENSG00000187833,C2orf78
ENSG00000150773.10,-2.8126528549240506,0.0098784375747137,,2.005311740264508,,-1.3218646102833027,ENSG00000150773,ENSG00000150773,PIH1D2
ENSG00000235616.1,-2.8125761512072645,0.0098801811808753,,2.0052350913300927,,-1.545390829935151,ENSG00000235616,ENSG00000235616,ST13P2
ENSG00000187536.4,-2.8115179767784326,0.0099042651174494,,2.00417774297013,,-1.4937541373234873,ENSG00000187536,ENSG00000187536,TPM3P7
ENSG00000204300.6,-2.8104140316292323,0.009929450166725,,2.003074799457138,,-1.734410938259619,ENSG00000204300,ENSG00000204300,TMEM225
ENSG00000254433.1,-2.809679040714397,0.0099462517008548,,2.002340554664501,,-1.874704557089592,ENSG00000254433,ENSG00000254433,AASDHPPT-AS1
ENSG00000204685.6,-2.809181708202809,0.0099576357792116,,2.0018437629743366,,-1.3317683875246815,ENSG00000204685,ENSG00000204685,STARD7-AS1
ENSG00000251017.1,-2.808570051321692,0.009971653728118,,2.0012328110526028,,-1.9928716313560293,ENSG00000251017,ENSG00000251017,LOC643014
ENSG00000231821.1,-2.808016536301176,0.0099843553200121,,2.0006799718548867,,-1.403300287837561,ENSG00000231821,ENSG00000231821,NPM1P48
ENSG00000255088.1,-2.8070638172518017,0.0100062534646454,,1.9997285003629928,,-1.7526325260691629,ENSG00000255088,ENSG00000255088,
ENSG00000171596.6,-2.806088963683929,0.0100287075329717,,1.9987550338257252,,-1.7312197782005894,ENSG00000171596,ENSG00000171596,NMUR1
ENSG00000259664.2,-2.8055336764320056,0.0100415189773557,,1.998200586634608,,-1.7532917987403824,ENSG00000259664,ENSG00000259664,
ENSG00000134490.13,-2.8043211341208054,0.0100695484316089,,1.996990004923813,,-1.0029747787845074,ENSG00000134490,ENSG00000134490,SLC35D4
ENSG00000234322.1,-2.8033136362571014,0.0100928944637904,,1.9959842679171813,,-1.3267402484409214,ENSG00000234322,ENSG00000234322,ST13P18
ENSG00000182810.6,2.800046092848511,0.0101689647122243,,1.9927232597276912,,1.5810986254145925,ENSG00000182810,ENSG00000182810,DDX28
ENSG00000164398.12,-2.7984189746875665,0.0102070474424361,,1.9910998666202293,,-1.2371957374866664,ENSG00000164398,ENSG00000164398,ACSL6
ENSG00000134339.8,-2.7941299770492773,0.0103080806647467,,1.9868221915843327,,-1.5103635980081953,ENSG00000134339,ENSG00000134339,SAA2
ENSG00000217404.2,-2.79131505569788,0.0103749045745176,,1.9840158891171733,,-1.5009495763262637,ENSG00000217404,ENSG00000217404,RPS4XP9
ENSG00000143469.17,-2.791087666105433,0.0103803205045689,,1.9837892369290997,,-1.0135547109109733,ENSG00000143469,ENSG00000143469,SYT14
ENSG00000230615.6,-2.790660739413712,0.0103904962185206,,1.9833637113630045,,-1.077460501555914,ENSG00000230615,ENSG00000230615,LOC107984948
ENSG00000244378.1,-2.7894173849241244,0.0104201852233142,,1.982124561195,,-1.063635182092371,ENSG00000244378,ENSG00000244378,RPS2P45
ENSG00000177932.6,-2.784864331182515,0.0105295914588684,,1.9775884788241085,,-1.089497704687982,ENSG00000177932,ENSG00000177932,ZNF354C
ENSG00000203943.8,-2.783462971812414,0.010563483491031,,1.976192842080701,,-1.3409448440198717,ENSG00000203943,ENSG00000203943,SAMD13
ENSG00000228771.1,-2.7785354140914227,0.0106834795377856,,1.971287277462107,,-2.070132957359398,ENSG00000228771,ENSG00000228771,LOC107985659
ENSG00000184408.9,-2.777412252257038,0.0107110109399689,,1.9701695371111776,,-1.0419035010872764,ENSG00000184408,ENSG00000184408,KCND2
ENSG00000168159.10,2.775875451617712,0.0107487905218753,,1.968640400792716,,1.0613236045589876,ENSG00000168159,ENSG00000168159,RNF187
ENSG00000224309.7,-2.773114827845237,0.0108169728496845,,1.9658942603586385,,-1.0586408035656834,ENSG00000224309,ENSG00000224309,ANKRD30BP2
ENSG00000255331.1,-2.7699814033861183,0.0108948588668976,,1.9627783912758756,,-1.4431840350535785,ENSG00000255331,ENSG00000255331,
ENSG00000257751.2,-2.7696799327970347,0.0109023803115533,,1.9624786723974623,,-1.985492123737463,ENSG00000257751,ENSG00000257751,LOC100422528
ENSG00000171724.2,-2.769105688206737,0.0109167208469282,,1.961907794960083,,-1.0602042555974185,ENSG00000171724,ENSG00000171724,VAT1L
ENSG00000175175.5,-2.7673702853191773,0.0109601674435066,,1.960182810884908,,-1.060041233863119,ENSG00000175175,ENSG00000175175,PPM1E
ENSG00000242052.1,-2.7665997830951694,0.0109795097396777,,1.959417051698879,,-1.938872652134312,ENSG00000242052,ENSG00000242052,RPL10P7
ENSG00000167332.7,-2.764593869819433,0.0110300168327415,,1.957423824789076,,-2.053317577135695,ENSG00000167332,ENSG00000167332,OR51E2
ENSG00000178301.3,-2.7645195618726413,0.0110318920575402,,1.9573499962016736,,-1.6252524937190729,ENSG00000178301,ENSG00000178301,AQP11
ENSG00000185900.9,2.760133022909872,0.0111431263079144,,1.9529929467031253,,1.2528271545820246,ENSG00000185900,ENSG00000185900,POMK
ENSG00000259375.1,-2.7581669602096173,0.0111933255890642,,1.951040863390637,,-1.6976057495726418,ENSG00000259375,ENSG00000259375,
ENSG00000211783.3,-2.7560467559361737,0.0112477002948301,,1.9489362643402155,,-1.659269584315104,ENSG00000211783,ENSG00000211783,TRAV9-1
ENSG00000235268.2,-2.754383668307672,0.0112905265717548,,1.9472858028159905,,-1.66847937252795,ENSG00000235268,ENSG00000235268,KDM4E
ENSG00000234441.1,-2.7509984129590848,0.0113781774629341,,1.943927296919804,,-2.283496150025915,ENSG00000234441,ENSG00000234441,
ENSG00000221187.1,-2.750636321609582,0.0113875907215701,,1.9435681501093631,,-1.2328107006038072,ENSG00000221187,ENSG00000221187,MIR548M
ENSG00000240083.2,-2.748520699256677,0.0114427377663503,,1.9414700546890724,,-1.6880933257653492,ENSG00000240083,ENSG00000240083,RPS3AP22
ENSG00000179331.2,-2.7473254340525592,0.0114740057849644,,1.940284935490924,,-1.585785072272469,ENSG00000179331,ENSG00000179331,RAB39A
ENSG00000171388.11,-2.7436384653077224,0.01157096621277,,1.936630374552655,,-1.899950645221228,ENSG00000171388,ENSG00000171388,APLN
ENSG00000232656.7,-2.738909443246054,0.0116964647865218,,1.931945382331231,,-1.4344441155690717,ENSG00000232656,ENSG00000232656,IDI2-AS1
ENSG00000196917.5,-2.738190336926836,0.0117156607061582,,1.931233214284476,,-1.3176853074341266,ENSG00000196917,ENSG00000196917,HCAR1
ENSG00000213328.3,-2.7352723983626586,0.0117938584478628,,1.9283440890120844,,-1.7900892782735864,ENSG00000213328,ENSG00000213328,
ENSG00000262370.5,-2.7336198738248694,0.011838362860294,,1.9267083525033564,,-1.565973373682134,ENSG00000262370,ENSG00000262370,
ENSG00000235173.6,2.732405901573288,0.0118711575833858,,1.9255069299447545,,1.4206150154364343,ENSG00000235173,ENSG00000235173,HGH1
ENSG00000183324.10,-2.7309753100076453,0.0119099143007691,,1.924091363524524,,-1.585949195721429,ENSG00000183324,ENSG00000183324,REC114
ENSG00000166961.14,2.730644364435099,0.0119188970841986,,1.923763930200443,,1.4974292289017226,ENSG00000166961,ENSG00000166961,MS4A15
ENSG00000204250.3,-2.730284283270509,0.0119286779577333,,1.9234076860427003,,-1.5497798396509044,ENSG00000204250,ENSG00000204250,LINC00587
ENSG00000269274.1,-2.729812932629353,0.011941492698021,,1.92294138258732,,-1.4002425926002446,ENSG00000269274,ENSG00000269274,
ENSG00000249335.1,-2.7295255164831342,0.0119493131407833,,1.9226570577067024,,-1.044852237521591,ENSG00000249335,ENSG00000249335,
ENSG00000167014.10,-2.729502758689542,0.0119499325750532,,1.9226345451229512,,-1.6081536443734803,ENSG00000167014,ENSG00000167014,TERB2
ENSG00000016864.17,-2.729464992433036,0.01195096058493,,1.9225971859318849,,-1.0110466030424892,ENSG00000016864,ENSG00000016864,GLT8D1
ENSG00000057149.15,-2.7280842699150893,0.0119886017023149,,1.9212314681423612,,-1.376451443842546,ENSG00000057149,ENSG00000057149,SERPINB3
ENSG00000124882.3,-2.7242488743987248,0.012093750190044,,1.917439006476388,,-1.2065537252065763,ENSG00000124882,ENSG00000124882,EREG
ENSG00000042304.10,-2.723051628128374,0.0121267509805646,,1.9162555404539892,,-1.5099732255747174,ENSG00000042304,ENSG00000042304,SLC19A4P
ENSG00000270929.1,-2.7197242336329017,0.0122189140243417,,1.9129673909996705,,-1.8169413189193488,ENSG00000270929,ENSG00000270929,SRD5A3P1
ENSG00000271318.1,-2.718960817308322,0.0122401523813081,,1.912213175495252,,-1.6299564154423372,ENSG00000271318,ENSG00000271318,MOB4P2
ENSG00000204020.5,-2.7186316729561533,0.0122493199724818,,1.9118880207195523,,-1.1434924839550982,ENSG00000204020,ENSG00000204020,LIPN
ENSG00000177693.3,-2.7172005994090616,0.0122892547713473,,1.9104744522237604,,-1.7012254694147853,ENSG00000177693,ENSG00000177693,OR4F4
ENSG00000182854.6,-2.7156565680690283,0.0123324795017278,,1.9089495977222088,,-1.6026570741794142,ENSG00000182854,ENSG00000182854,OR4F15
ENSG00000255468.6,-2.7148435412151035,0.0123552975880959,,1.908146789775338,,-1.2079828779542932,ENSG00000255468,ENSG00000255468,B4GAT1-DT
ENSG00000213088.9,-2.710297619953443,0.0124836174432643,,1.9036595486277397,,-1.6239890368446348,ENSG00000213088,ENSG00000213088,ACKR1
ENSG00000259298.1,-2.710051954729375,0.0124905876367545,,1.90341712916818,,-1.813853185341034,ENSG00000259298,ENSG00000259298,
ENSG00000207460.1,-2.7093855980816755,0.0125095124847143,,1.902759615112652,,-2.28178440838588,ENSG00000207460,ENSG00000207460,SNORD116-19
ENSG00000217067.2,-2.707552953623027,0.0125617000491549,,1.9009515809806736,,-1.8271539874303075,ENSG00000217067,ENSG00000217067,
ENSG00000126768.12,-2.7073044374463664,0.0125687927475882,,1.9007064349822944,,-1.5219201545103935,ENSG00000126768,ENSG00000126768,TIMM17B
ENSG00000255438.2,-2.7060837204212844,0.012603687120106,,1.8995023864959768,,-1.053843312995587,ENSG00000255438,ENSG00000255438,
ENSG00000255311.5,-2.705843328968708,0.0126105695038226,,1.8992652998834885,,-1.6204740445065,ENSG00000255311,ENSG00000255311,DLG2-AS2
ENSG00000255220.1,-2.7053887938275287,0.0126235924882656,,1.898817033696928,,-1.518431764843904,ENSG00000255220,ENSG00000255220,DDX18P5
ENSG00000131050.10,-2.7047902488335867,0.0126407608785962,,1.8982267840100908,,-1.4116845586019262,ENSG00000131050,ENSG00000131050,BPIFA2
ENSG00000114019.14,-2.7046783717890706,0.0126439723500811,,1.8981164625493456,,-1.141200356131577,ENSG00000114019,ENSG00000114019,AMOTL2
ENSG00000065371.17,-2.704347800422308,0.0126534660182204,,1.8977904969065411,,-1.266964633297775,ENSG00000065371,ENSG00000065371,ROPN1
ENSG00000169327.4,-2.703426597226456,0.0126799575018958,,1.896882202031816,,-1.9489643061198276,ENSG00000169327,ENSG00000169327,OR5AU1
ENSG00000238021.6,-2.702309984775832,0.0127121385820914,,1.895781381289227,,-1.9015078691628489,ENSG00000238021,ENSG00000238021,ODAD2P1
ENSG00000230510.6,-2.7004369884056287,0.012766291846098,,1.89393523152605,,-1.4186245828954964,ENSG00000230510,ENSG00000230510,PPP5D1P
ENSG00000280424.1,-2.699543443014756,0.0127922031623564,,1.8930546518580007,,-1.2882443408820952,ENSG00000280424,ENSG00000280424,LOC730668
ENSG00000108442.2,-2.6988659969176707,0.0128118809975609,,1.8923871039094529,,-1.2493286329397086,ENSG00000108442,ENSG00000108442,TVP23BP2
ENSG00000235901.2,-2.6984642554810376,0.0128235638908838,,1.8919912600708797,,-1.361117928815074,ENSG00000235901,ENSG00000235901,CCSER2P1
ENSG00000174982.2,-2.698100174182599,0.0128341602778223,,1.8916325413780708,,-2.165885757383744,ENSG00000174982,ENSG00000174982,OR4S2
ENSG00000177627.9,-2.695107659576847,0.0129215690281802,,1.8886847480353977,,-1.287712659669737,ENSG00000177627,ENSG00000177627,C12orf54
ENSG00000080709.14,-2.6948746763605835,0.0129283977557076,,1.88845529483901,,-1.4445796129482158,ENSG00000080709,ENSG00000080709,KCNN2
ENSG00000250714.3,-2.694582400341484,0.0129369691623702,,1.8881674570701696,,-1.4954351454745476,ENSG00000250714,ENSG00000250714,
ENSG00000216636.1,-2.6939973625604763,0.0129541423127327,,1.88759133614618,,-1.8502174364397272,ENSG00000216636,ENSG00000216636,RPL7P25
ENSG00000257572.1,-2.692928449833575,0.0129855745866215,,1.886538828916604,,-1.2374361102233535,ENSG00000257572,ENSG00000257572,SSBL3P
ENSG00000141255.12,-2.69275196364021,0.0129907712189219,,1.8863650655412951,,-1.277371821503678,ENSG00000141255,ENSG00000141255,SPATA22
ENSG00000004776.11,-2.6917407931477104,0.0130205829122634,,1.885369572610171,,-1.3369496063667183,ENSG00000004776,ENSG00000004776,HSPB6
ENSG00000279592.1,-2.6857297878651334,0.0131991363242816,,1.8794544856024995,,-1.6835771554757897,ENSG00000279592,ENSG00000279592,
ENSG00000277151.1,-2.684973808300604,0.0132217548430046,,1.8787108997629665,,-1.147821469952612,ENSG00000277151,ENSG00000277151,
ENSG00000259449.1,-2.684715342732063,0.013229496370573,,1.878456688514256,,-1.3136768454258545,ENSG00000259449,ENSG00000259449,NIFKP8
ENSG00000211848.1,-2.684204379718951,0.0132448132334076,,1.8779541613586208,,-1.7087410467854005,ENSG00000211848,ENSG00000211848,TRAJ41
ENSG00000104969.9,-2.684091665078004,0.0132481942672811,,1.8778433121572,,-1.081258852027918,ENSG00000104969,ENSG00000104969,SGTA
ENSG00000200612.1,-2.683425238919666,0.0132682012724142,,1.8771879490582024,,-2.0572131898292363,ENSG00000200612,ENSG00000200612,SNORD114-25
ENSG00000232625.1,-2.6833216555389527,0.0132713135381188,,1.8770860903891524,,-1.8430110070680632,ENSG00000232625,ENSG00000232625,RPL23AP31
ENSG00000249893.1,-2.6814657750806417,0.0133271919551079,,1.8752613469754185,,-1.0133785907225832,ENSG00000249893,ENSG00000249893,MTND6P16
ENSG00000230549.3,-2.6812510260094724,0.0133336720843995,,1.8750502297029537,,-2.219185118983626,ENSG00000230549,ENSG00000230549,USP17L1
ENSG00000090263.15,2.680987102991542,0.0133416401189128,,1.8747907783047977,,1.061551206204502,ENSG00000090263,ENSG00000090263,MRPS33
ENSG00000107984.9,-2.679576558157832,0.01338430160131,,1.8734042855611373,,-1.7550601522558738,ENSG00000107984,ENSG00000107984,DKK1
ENSG00000146857.3,-2.6791947425624163,0.0133958715640781,,1.873029025007921,,-1.1300582153859722,ENSG00000146857,ENSG00000146857,STRA8
ENSG00000181518.3,-2.6784989601900326,0.0134169797211599,,1.8723452366304725,,-1.654666381158319,ENSG00000181518,ENSG00000181518,OR8D4
ENSG00000171060.10,-2.677638249435938,0.0134431346892319,,1.8714994500694304,,-1.5688528708304217,ENSG00000171060,ENSG00000171060,C8orf74
ENSG00000204979.7,-2.67747485669862,0.0134481052268097,,1.8713389013499635,,-1.0743552261495952,ENSG00000204979,ENSG00000204979,MS4A13
ENSG00000255423.1,-2.676317132327283,0.0134833737197156,,1.8702014279389836,,-1.3487864321692582,ENSG00000255423,ENSG00000255423,EBLN2
ENSG00000146215.13,-2.675828602385077,0.0134982822252537,,1.8697214957687145,,-1.6322869378900968,ENSG00000146215,ENSG00000146215,CRIP3
ENSG00000240673.1,-2.673085668367598,0.0135822771026316,,1.86702741339834,,-1.5850099269525024,ENSG00000240673,ENSG00000240673,RPS8P11
ENSG00000231731.7,-2.672737264396229,0.0135929811674969,,1.866685284797452,,-1.3286968549687574,ENSG00000231731,ENSG00000231731,
ENSG00000171944.1,-2.6713835660912197,0.0136346464312617,,1.8653561195443464,,-2.0975290835461613,ENSG00000171944,ENSG00000171944,OR52A5
ENSG00000243877.1,-2.669347779730094,0.013697531914664,,1.863357679004488,,-1.026242292541443,ENSG00000243877,ENSG00000243877,HMGB1P38
ENSG00000248511.1,-2.6687286023933297,0.0137167123772753,,1.8627499678932176,,-1.7121408302880143,ENSG00000248511,ENSG00000248511,
ENSG00000228395.1,-2.666647117318349,0.0137813766647494,,1.8607073972294672,,-1.46297538141624,ENSG00000228395,ENSG00000228395,LOC101929270
ENSG00000186509.4,-2.663346117022707,0.0138845152824473,,1.857469277154837,,-1.3591730385059924,ENSG00000186509,ENSG00000186509,OR9Q1
ENSG00000119411.10,-2.662510719271636,0.0139107318827032,,1.8566500199534808,,-1.1674960504325345,ENSG00000119411,ENSG00000119411,BSPRY
ENSG00000124107.5,-2.662051954151188,0.0139251487284024,,1.8562001576206928,,-1.4444242996038514,ENSG00000124107,ENSG00000124107,SLPI
ENSG00000168427.8,-2.6615651471136177,0.013940462167182,,1.855722827864288,,-1.954495251475139,ENSG00000168427,ENSG00000168427,KLHL30
ENSG00000166928.10,-2.6614319484529574,0.0139446549425204,,1.8555922277882788,,-1.0299607265994948,ENSG00000166928,ENSG00000166928,MS4A14
ENSG00000225243.5,-2.659057749162561,0.0140195883100217,,1.8532647393872597,,-1.995135769279306,ENSG00000225243,ENSG00000225243,
ENSG00000104883.7,2.657905152440731,0.0140561024043451,,1.852135087491703,,1.100168205453112,ENSG00000104883,ENSG00000104883,PEX11G
ENSG00000100836.10,-2.6578043544277032,0.0140592999189776,,1.852036304415385,,-1.3373326664719505,ENSG00000100836,ENSG00000100836,PABPN1
ENSG00000258792.4,-2.6569957914493503,0.0140849739121246,,1.8512439530680405,,-1.924262539446057,ENSG00000258792,ENSG00000258792,
ENSG00000267060.5,-2.655044355273926,0.0141471188100403,,1.849331999172196,,-1.6917034293366169,ENSG00000267060,ENSG00000267060,PTGES3L
ENSG00000220660.2,2.6542434870356,0.0141726975647377,,1.8485474803114212,,1.5292450530611543,ENSG00000220660,ENSG00000220660,
ENSG00000151952.15,-2.653234178450581,0.0142049955711158,,1.847558897346906,,-1.154566434661592,ENSG00000151952,ENSG00000151952,TMEM132D
ENSG00000251122.1,-2.652063637077961,0.0142425396913372,,1.8464125615707925,,-1.5519179271882395,ENSG00000251122,ENSG00000251122,NIFKP2
ENSG00000213661.3,-2.6514650849097507,0.0142617737640428,,1.8458264570907483,,-1.954032859390678,ENSG00000213661,ENSG00000213661,RPL18P3
ENSG00000257414.1,-2.6498918679287726,0.0143124445102927,,1.8442861840833995,,-1.8853329067420928,ENSG00000257414,ENSG00000257414,OR6C73P
ENSG00000234592.1,-2.649819130486594,0.014314791351524,,1.844214977753604,,-2.0059369019954243,ENSG00000234592,ENSG00000234592,TJAP1P1
ENSG00000211665.2,-2.648142996537112,0.0143689713530219,,1.8425743210582912,,-1.9821852671608264,ENSG00000211665,ENSG00000211665,IGLV3-16
ENSG00000253426.5,-2.6475763572054007,0.0143873311632576,,1.8420197598205907,,-1.4835768281375217,ENSG00000253426,ENSG00000253426,
ENSG00000122477.12,-2.6474095543054545,0.014392739980132,,1.8418565205194688,,-1.1227390669445,ENSG00000122477,ENSG00000122477,LRRC39
ENSG00000231150.5,-2.646921769900107,0.0144085680355187,,1.8413791784625035,,-1.3182873103917856,ENSG00000231150,ENSG00000231150,DNAH8-AS1
ENSG00000181215.13,-2.6427169763522733,0.0145456885661415,,1.8372657152283645,,-1.107650535050434,ENSG00000181215,ENSG00000181215,C4orf50
ENSG00000185053.13,-2.6406450519941047,0.0146137050432837,,1.835239662514752,,-1.4372655712868951,ENSG00000185053,ENSG00000185053,SGCZ
ENSG00000263155.5,-2.637550242228272,0.0147158570058502,,1.8322144408648224,,-2.039826804977631,ENSG00000263155,ENSG00000263155,MYZAP
ENSG00000131400.7,-2.6361770259122617,0.0147613978934676,,1.83087251319912,,-1.067807696452482,ENSG00000131400,ENSG00000131400,NAPSA
ENSG00000187005.4,-2.6334910141567853,0.0148508586929883,,1.828248434236008,,-2.102598680837126,ENSG00000187005,ENSG00000187005,KRTAP21-1
ENSG00000218208.1,-2.632722549640396,0.014876546802383,,1.8274978670908757,,-2.001838089159535,ENSG00000218208,ENSG00000218208,RPS27AP11
ENSG00000240616.1,-2.630991440027564,0.0149345669485899,,1.8258073659332672,,-1.5543493889721374,ENSG00000240616,ENSG00000240616,RPS6P25
ENSG00000144407.9,-2.630131738592595,0.0149634597068059,,1.8249679814808475,,-1.0151399087797977,ENSG00000144407,ENSG00000144407,PTH2R
ENSG00000241097.2,-2.6295606269464296,0.0149826825617096,,1.824410421786987,,-1.332825634361724,ENSG00000241097,ENSG00000241097,RPL36AP38
ENSG00000178358.4,-2.62830173777686,0.0150251369672868,,1.8231815603324932,,-1.882483429640958,ENSG00000178358,ENSG00000178358,OR2D3
ENSG00000227592.1,-2.6270811494745674,0.0150664074963462,,1.8219902905194385,,-1.4770120669704645,ENSG00000227592,ENSG00000227592,PIGFP3
ENSG00000187754.8,-2.6262807515798143,0.0150935282706215,,1.821209227464236,,-1.3035791142438822,ENSG00000187754,ENSG00000187754,SSX7
ENSG00000212458.1,-2.622853297678505,0.0152101833936929,,1.8178655494980407,,-1.4015467779308637,ENSG00000212458,ENSG00000212458,LOC124900184
ENSG00000239696.3,-2.6222255159554537,0.0152316417018493,,1.8172532848695195,,-1.312368957071765,ENSG00000239696,ENSG00000239696,
ENSG00000231351.2,2.6220617811541373,0.0152372430148576,,1.8170936059458604,,1.9904775639674317,ENSG00000231351,ENSG00000231351,WBP1P1
ENSG00000152076.18,2.6207143341712564,0.0152834121602397,,1.8157796747570996,,1.3739006372354512,ENSG00000152076,ENSG00000152076,CCDC74B
ENSG00000227913.1,-2.620248575214597,0.0152994014958868,,1.8153255582097056,,-1.0276792489499618,ENSG00000227913,ENSG00000227913,KRT8P44
ENSG00000166845.13,-2.6191328146385757,0.0153377689856106,,1.814237807773201,,-1.213412094136264,ENSG00000166845,ENSG00000166845,C18orf54
ENSG00000214362.2,-2.6186901946543064,0.01535301427652,,1.8138063462360352,,-1.4612792205649965,ENSG00000214362,ENSG00000214362,RPS3AP36
ENSG00000239332.5,-2.61819112126252,0.0153702210542515,,1.8133198864396636,,-1.653096337908004,ENSG00000239332,ENSG00000239332,
ENSG00000160781.15,2.61802682040715,0.0153758896845359,,1.8131597455424104,,1.0483073983493625,ENSG00000160781,ENSG00000160781,PAQR6
ENSG00000230416.3,-2.616457624588532,0.0154301282023968,,1.8116304655530404,,-1.4916557732589275,ENSG00000230416,ENSG00000230416,OR5M4P
ENSG00000170516.16,-2.616365160053548,0.0154333297864572,,1.811540363510924,,-1.5954277921738935,ENSG00000170516,ENSG00000170516,COX7B2
ENSG00000198108.3,-2.614795608420804,0.0154877706193565,,1.8100110920789008,,-1.0822473504401189,ENSG00000198108,ENSG00000198108,CHSY3
ENSG00000169446.5,-2.6129335606674187,0.0155525903589529,,1.8081972667716195,,-1.2844422340763797,ENSG00000169446,ENSG00000169446,MMGT1
ENSG00000228610.1,-2.612470298273849,0.0155687564474593,,1.807746075265837,,-1.4444192510394864,ENSG00000228610,ENSG00000228610,PDCL2P1
ENSG00000263219.1,-2.6123785667156203,0.0155719593964222,,1.8076567373667156,,-1.863381460861203,ENSG00000263219,ENSG00000263219,RYKP1
ENSG00000267599.1,-2.612050482800452,0.0155834200089996,,1.8073372239394296,,-1.2096437789797223,ENSG00000267599,ENSG00000267599,LINC02959
ENSG00000249987.1,-2.611968139689634,0.0155862976558768,,1.807257034174698,,-1.4943621676974097,ENSG00000249987,ENSG00000249987,RPS4XP20
ENSG00000274184.1,-2.611806731113452,0.0155919398509439,,1.8070998492658537,,-1.1578936760785037,ENSG00000274184,ENSG00000274184,
ENSG00000226641.1,-2.611542447693168,0.0156011822711725,,1.8068424891845845,,-1.3350480049176126,ENSG00000226641,ENSG00000226641,SHISA5P1
ENSG00000163046.15,-2.609137999795712,0.0156855059348803,,1.8045014686026328,,-1.173835208815758,ENSG00000163046,ENSG00000163046,ANKRD30BL
ENSG00000206536.1,-2.6077107195302163,0.0157357623066957,,1.803112213184684,,-1.9529400896179283,ENSG00000206536,ENSG00000206536,OR5K3
ENSG00000180934.5,-2.6066468794801665,0.0157733195945871,,1.8020768970391865,,-1.8981706370936864,ENSG00000180934,ENSG00000180934,OR56A1
ENSG00000259695.2,-2.606337457861532,0.0157842590227165,,1.8017758008416809,,-1.284792508655485,ENSG00000259695,ENSG00000259695,
ENSG00000248694.1,-2.6057800562009388,0.0158039835875407,,1.8012334300057884,,-1.6497536803638788,ENSG00000248694,ENSG00000248694,
ENSG00000205057.4,-2.605580739026614,0.0158110423544092,,1.8010394979459785,,-1.2113005411379592,ENSG00000205057,ENSG00000205057,CLLU1-AS1
ENSG00000255316.1,-2.6051847105459087,0.0158250763690487,,1.8006541854763936,,-1.0201623406036844,ENSG00000255316,ENSG00000255316,MTND6P25
ENSG00000237211.2,-2.603429396582566,0.0158874198492743,,1.7989466274123276,,-1.172122070649154,ENSG00000237211,ENSG00000237211,SETP4
ENSG00000240225.10,-2.603416847594043,0.0158878663789342,,1.7989344213622596,,-1.149578916287241,ENSG00000240225,ENSG00000240225,ZNF542P
ENSG00000229593.1,-2.60301274167641,0.0159022519348617,,1.798541370419626,,-1.2689748305339497,ENSG00000229593,ENSG00000229593,SUCLA2P3
ENSG00000162980.16,-2.6028836921404634,0.0159068484721062,,1.798415855975677,,-1.444956261225652,ENSG00000162980,ENSG00000162980,ARL5A
ENSG00000225594.1,-2.601701096796204,0.0159490286232604,,1.797265762538111,,-1.6625585833785,ENSG00000225594,ENSG00000225594,
ENSG00000254129.1,-2.6014361853867385,0.0159584916891551,,1.7970081582253834,,-1.7066285528359446,ENSG00000254129,ENSG00000254129,
ENSG00000251419.1,-2.598841576557428,0.0160514537552231,,1.7944856281014745,,-1.6353802355121438,ENSG00000251419,ENSG00000251419,LOC391798
ENSG00000113946.3,-2.5985190563820035,0.016063044686159,,1.7941721324650195,,-1.1553202011033654,ENSG00000113946,ENSG00000113946,CLDN16
ENSG00000088543.14,-2.5978221944789177,0.0160881157152471,,1.793494818697207,,-1.1167986423677454,ENSG00000088543,ENSG00000088543,C3orf18
ENSG00000255554.1,-2.5976566037575357,0.0160940785656942,,1.7933338829292698,,-1.8344245620684725,ENSG00000255554,ENSG00000255554,OR7E1P
ENSG00000237053.1,-2.5974143440189663,0.01610280596348,,1.7930984402243004,,-1.6555481864378954,ENSG00000237053,ENSG00000237053,FUCA1P1
ENSG00000243806.1,-2.597146751141676,0.0161124511380199,,1.792838386660758,,-1.5259506584685727,ENSG00000243806,ENSG00000243806,RPL7P18
ENSG00000180818.4,2.593509491079605,0.0162440909848215,,1.7893045866472013,,1.335120959753605,ENSG00000180818,ENSG00000180818,HOXC10
ENSG00000121351.7,-2.5933765325420595,0.0162489220498911,,1.7891754447350836,,-1.5803328210813417,ENSG00000121351,ENSG00000121351,IAPP
ENSG00000213979.3,2.592366308673585,0.016285672622149,,1.7881942997300415,,1.574176521561744,ENSG00000213979,ENSG00000213979,RPL7AP14
ENSG00000188822.7,-2.5889883557820808,0.0164091238249422,,1.7849146077434683,,-1.4518979735647144,ENSG00000188822,ENSG00000188822,CNR2
ENSG00000248830.1,-2.586549703107801,0.016498791030762,,1.7825478780833768,,-1.1136520095416718,ENSG00000248830,ENSG00000248830,ZNF807P
ENSG00000163518.10,-2.586065744255628,0.0165166402314622,,1.782078290994589,,-1.139537366956099,ENSG00000163518,ENSG00000163518,FCRL4
ENSG00000205364.3,-2.585278608231904,0.0165457097060085,,1.7813145996257458,,-1.4714788802530456,ENSG00000205364,ENSG00000205364,MT1M
ENSG00000132773.11,-2.5834247988164307,0.0166143614098782,,1.7795163466209534,,-1.1838043216523966,ENSG00000132773,ENSG00000132773,TOE1
ENSG00000255291.2,-2.5826462199512266,0.0166432737384896,,1.7787612437471536,,-1.6481789960490634,ENSG00000255291,ENSG00000255291,HMGB1P40
ENSG00000260078.3,-2.581906305979601,0.0166707938719928,,1.7780437183473674,,-1.2271381878425498,ENSG00000260078,ENSG00000260078,MPHOSPH10P1
ENSG00000255164.1,-2.581134384943787,0.0166995498344835,,1.7772952358604874,,-1.4465723116841809,ENSG00000255164,ENSG00000255164,
ENSG00000144891.17,-2.580687457937778,0.0167162201704614,,1.7768619173688758,,-1.1559326793669775,ENSG00000144891,ENSG00000144891,AGTR1
ENSG00000259715.1,2.5801624208160177,0.0167358238911898,,1.77635290281084,,1.0014206200629243,ENSG00000259715,ENSG00000259715,
ENSG00000110660.14,-2.577947871124045,0.0168187471329018,,1.774206358926509,,-1.2351713462904614,ENSG00000110660,ENSG00000110660,SLC35F2
ENSG00000130751.9,-2.5774526486864127,0.0168373431085479,,1.7737264380341755,,-1.0536156486414492,ENSG00000130751,ENSG00000130751,NPAS1
ENSG00000217648.1,-2.576444026163664,0.0168752771226923,,1.772749086534397,,-1.521383905392935,ENSG00000217648,ENSG00000217648,PARLP2
ENSG00000229598.1,-2.576151930573173,0.0168862776720696,,1.7724660736168598,,-1.8570787884288256,ENSG00000229598,ENSG00000229598,PRDX3P1
ENSG00000197251.3,-2.575338140153068,0.0169169610347016,,1.771677651013172,,-1.4064973782358532,ENSG00000197251,ENSG00000197251,LINC00336
ENSG00000022355.16,-2.574636703814272,0.0169434499959868,,1.7709981547097244,,-1.0524674979587167,ENSG00000022355,ENSG00000022355,GABRA1
ENSG00000182365.4,-2.5744908448090413,0.0169489630672035,,1.7708568666624909,,-1.8756186247661804,ENSG00000182365,ENSG00000182365,OR5F2P
ENSG00000168530.15,-2.573516593963731,0.0169858301208987,,1.7699132237061688,,-1.554244545439382,ENSG00000168530,ENSG00000168530,MYL1
ENSG00000072694.20,-2.5725171174258734,0.0170237296541962,,1.768945286155665,,-1.4249503374915662,ENSG00000072694,ENSG00000072694,FCGR2B
ENSG00000249494.5,-2.5720005204768865,0.0170433496687143,,1.7684450457387282,,-2.024077987121768,ENSG00000249494,ENSG00000249494,DMXL1-DT
ENSG00000173915.13,-2.571810424855206,0.0170505746952371,,1.768260978386203,,-1.3056689032625737,ENSG00000173915,ENSG00000173915,ATP5MK
ENSG00000018607.6,-2.5705502254398165,0.0170985439603376,,1.767040870713937,,-1.230367176511473,ENSG00000018607,ENSG00000018607,ZNF285CP
ENSG00000275328.1,-2.569230651102914,0.0171489085059988,,1.765763516723656,,-1.1641116083908287,ENSG00000275328,ENSG00000275328,SPDYE19P
ENSG00000125845.6,-2.56892310060107,0.0171606667761568,,1.765465841686629,,-1.819482520352796,ENSG00000125845,ENSG00000125845,BMP2
ENSG00000269793.5,-2.568566563693843,0.0171743073254931,,1.7651207698889313,,-1.3586070093119418,ENSG00000269793,ENSG00000269793,ZIM2-AS1
ENSG00000225746.9,-2.5684658283193547,0.0171781631404152,,1.7650232770956489,,-1.115590333874999,ENSG00000225746,ENSG00000225746,MEG8
ENSG00000270614.1,-2.568236144041692,0.0171869577159034,,1.7648009914994751,,-1.6473049115630345,ENSG00000270614,ENSG00000270614,UBXN2AP1
ENSG00000223519.7,-2.5657506701363118,0.0172823956451814,,1.7623960568010135,,-1.6259881859503038,ENSG00000223519,ENSG00000223519,KIF28P
ENSG00000227864.1,-2.5655849965531283,0.0172887747993319,,1.7622357827088966,,-1.702945225844908,ENSG00000227864,ENSG00000227864,ARL5AP1
ENSG00000254939.1,-2.5648487365329773,0.0173171506396349,,1.761523565164154,,-1.5104955756565877,ENSG00000254939,ENSG00000254939,LOC643381
ENSG00000253547.2,-2.5637159601615407,0.0173608934180248,,1.760427929128746,,-1.9441865365393032,ENSG00000253547,ENSG00000253547,TUBAP7
ENSG00000167992.12,-2.5634194805860298,0.0173723591726947,,1.7601412001993524,,-1.0791305386089118,ENSG00000167992,ENSG00000167992,VWCE
ENSG00000164334.15,-2.5624253447358907,0.0174108570428032,,1.7591798503761136,,-1.219369709871062,ENSG00000164334,ENSG00000164334,FAM170A
ENSG00000255095.1,-2.560967316211632,0.0174674633228241,,1.7577701599792612,,-1.7570668716078293,ENSG00000255095,ENSG00000255095,OR1D4
ENSG00000237307.2,-2.559762589002279,0.0175143651321665,,1.7566056005440582,,-1.1828559275630754,ENSG00000237307,ENSG00000237307,SRRM1P3
ENSG00000269584.1,-2.5596918831119506,0.0175171214681353,,1.75653725851121,,-1.3892549969795214,ENSG00000269584,ENSG00000269584,CRIPTOP7
ENSG00000242307.1,-2.559226323138547,0.0175352805662196,,1.756087280972315,,-1.6260287224129482,ENSG00000242307,ENSG00000242307,RPS26P52
ENSG00000196661.3,-2.557157533804922,0.0176161862427626,,1.7540881068772878,,-1.9884672306158948,ENSG00000196661,ENSG00000196661,
ENSG00000108849.7,-2.556731721159812,0.0176328820163898,,1.7536766983914618,,-1.750137927369991,ENSG00000108849,ENSG00000108849,PPY
ENSG00000211681.2,-2.556582100232377,0.0176387520408995,,1.7535321448801278,,-1.4908023193036326,ENSG00000211681,ENSG00000211681,IGLJ5
ENSG00000254506.1,-2.55640631359156,0.0176456509469498,,1.753362315912466,,-1.951869743624812,ENSG00000254506,ENSG00000254506,KIAA1191P2
ENSG00000170425.3,-2.556271430192918,0.0176509462765944,,1.7532320068944498,,-1.770270119149009,ENSG00000170425,ENSG00000170425,ADORA2B
ENSG00000115386.5,-2.5533681846479515,0.0177652838718126,,1.750427848519331,,-1.5967385431689762,ENSG00000115386,ENSG00000115386,REG1A
ENSG00000127423.10,-2.5527835099753635,0.0177883934221499,,1.7498632739173163,,-1.2364916626228448,ENSG00000127423,ENSG00000127423,AUNIP
ENSG00000187151.7,-2.552064910515258,0.0178168348585887,,1.7491694453912057,,-1.0282783039511103,ENSG00000187151,ENSG00000187151,ANGPTL5
ENSG00000152253.8,2.552020153328122,0.0178186077062195,,1.7491262334713558,,1.636188116476602,ENSG00000152253,ENSG00000152253,SPC25
ENSG00000225536.2,-2.55118352233443,0.0178517772734288,,1.7483185402453691,,-1.8653874961085184,ENSG00000225536,ENSG00000225536,STIP1P3
ENSG00000225358.1,-2.550286138338602,0.0178874195528487,,1.7474523064303478,,-1.3010004810205766,ENSG00000225358,ENSG00000225358,MIPEPP1
ENSG00000213630.3,-2.550160227193351,0.0178924257997179,,1.747330775139023,,-2.2710330478910428,ENSG00000213630,ENSG00000213630,BOLA3P3
ENSG00000117242.7,-2.5499198602517086,0.0179019864585993,,1.7470987757160783,,-1.1181987835846543,ENSG00000117242,ENSG00000117242,PINK1-AS
ENSG00000269526.1,-2.5495004908038688,0.0179186784077022,,1.7466940248863905,,-1.4352306432555055,ENSG00000269526,ENSG00000269526,ERVV-1
ENSG00000177699.4,-2.548547994527493,0.0179566441130678,,1.7457748246485347,,-1.7520073587434557,ENSG00000177699,ENSG00000177699,LOC100129540
ENSG00000259678.1,-2.548278220799131,0.0179674107036769,,1.7455145048681375,,-1.9608579423200776,ENSG00000259678,ENSG00000259678,
ENSG00000159423.16,-2.546612750633342,0.0180340126507885,,1.7439076300050176,,-1.270709177578378,ENSG00000159423,ENSG00000159423,ALDH4A1
ENSG00000236713.1,-2.545250338752204,0.0180886665744586,,1.742593446445801,,-1.7175701658125326,ENSG00000236713,ENSG00000236713,
ENSG00000271026.1,-2.543637749114968,0.0181535562367338,,1.741038285079514,,-1.245391307449715,ENSG00000271026,ENSG00000271026,KATNBL1P1
ENSG00000213332.4,-2.541524275051006,0.0182389300568831,,1.7390006421052286,,-2.0494874481516687,ENSG00000213332,ENSG00000213332,SLC25A5P6
ENSG00000227343.1,-2.541313546607095,0.0182474629389261,,1.7387975097400228,,-1.5760602223057356,ENSG00000227343,ENSG00000227343,RPL15P1
ENSG00000251062.1,-2.5411004540293307,0.0182560953368296,,1.7385921049508966,,-1.494749374449165,ENSG00000251062,ENSG00000251062,
ENSG00000244122.2,-2.5407366887412897,0.0182708403010555,,1.7382414783880529,,-1.88607715063092,ENSG00000244122,ENSG00000244122,UGT1A7
ENSG00000237816.1,-2.540687978731667,0.0182728155693794,,1.738194529164514,,-1.704195355850184,ENSG00000237816,ENSG00000237816,RPL21P109
ENSG00000164185.5,-2.5399290951254985,0.0183036152431264,,1.7374631220142176,,-1.4883968089979474,ENSG00000164185,ENSG00000164185,ZNF474
ENSG00000266729.5,-2.5398508704659406,0.0183067927817759,,1.7373877342991155,,-1.3912770832830552,ENSG00000266729,ENSG00000266729,DSG1-AS1
ENSG00000279018.1,-2.538599733882833,0.0183576847709628,,1.7361820919037114,,-1.6745464840682145,ENSG00000279018,ENSG00000279018,
ENSG00000183154.1,2.538163740173062,0.0183754504956354,,1.7357620048766762,,1.2618055365539191,ENSG00000183154,ENSG00000183154,LOC102723701
ENSG00000205301.11,-2.537274201575048,0.0184117468543414,,1.7349050049120205,,-1.1407295072579064,ENSG00000205301,ENSG00000205301,MGAT4D
ENSG00000236717.2,-2.533867866099896,0.0185513566241681,,1.7316243257876331,,-1.662369209871679,ENSG00000236717,ENSG00000236717,
ENSG00000156194.17,-2.5328480865018053,0.0185933442096691,,1.7306424907452838,,-1.0058365304178132,ENSG00000156194,ENSG00000156194,PPEF2
ENSG00000249626.1,-2.531599457571759,0.0186448748973799,,1.7294405263042754,,-1.364640910780128,ENSG00000249626,ENSG00000249626,PPP4R2P4
ENSG00000240759.1,-2.529300582709407,0.0187400973860091,,1.7272281565594194,,-1.6629477573413167,ENSG00000240759,ENSG00000240759,RPS27P21
ENSG00000145491.11,-2.5287220102189574,0.0187641339277213,,1.726671475966684,,-1.4052911000810429,ENSG00000145491,ENSG00000145491,ROPN1L
ENSG00000102243.12,-2.5283329459099635,0.018780313588485,,1.7262971602801531,,-1.4993832389691135,ENSG00000102243,ENSG00000102243,VGLL1
ENSG00000099399.5,-2.5274604056153325,0.0188166464086199,,1.7254577760209064,,-1.729520960778382,ENSG00000099399,ENSG00000099399,MAGEB2
ENSG00000269289.5,-2.5273706125412434,0.0188203891321605,,1.7253714013018058,,-1.5377818652536308,ENSG00000269289,ENSG00000269289,ZNF276-AS1
ENSG00000177752.14,-2.5253193466939003,0.0189060784450757,,1.7233985444645266,,-1.5567544713448953,ENSG00000177752,ENSG00000177752,YIPF7
ENSG00000181803.3,-2.524828452981489,0.0189266388127433,,1.7229265056711107,,-1.6219919249107964,ENSG00000181803,ENSG00000181803,OR6S1
ENSG00000234319.1,-2.524729593291802,0.018930781926102,,1.7228314473580175,,-1.3810382618441617,ENSG00000234319,ENSG00000234319,RPS12P2
ENSG00000236680.1,-2.5239117545089247,0.0189650891773611,,1.7220451108233152,,-1.5657033916793124,ENSG00000236680,ENSG00000236680,PSMC3P1
ENSG00000188668.4,-2.522981818141874,0.0190041691459202,,1.7211511128132992,,-1.417900981445033,ENSG00000188668,ENSG00000188668,OR7E90P
ENSG00000122679.8,-2.5223305463964465,0.0190315830690149,,1.7205250850948717,,-1.3108254409830764,ENSG00000122679,ENSG00000122679,RAMP3
ENSG00000179165.10,-2.52185350450233,0.0190516865193988,,1.7200665730776914,,-2.050020941617067,ENSG00000179165,ENSG00000179165,PXT1
ENSG00000219190.1,-2.521316293418949,0.0190743492936713,,1.7195502687328783,,-1.7144298916692586,ENSG00000219190,ENSG00000219190,
ENSG00000223575.2,-2.521039543413316,0.0190860340607381,,1.7192843054708788,,-1.4490350376625851,ENSG00000223575,ENSG00000223575,RBMX2P3
ENSG00000178586.4,-2.5199895000308468,0.0191304290065766,,1.718275290657502,,-1.8412315727928248,ENSG00000178586,ENSG00000178586,OR6B3
ENSG00000255571.7,-2.5194693852727066,0.0191524546197167,,1.7177755580147835,,-1.0378141089839426,ENSG00000255571,ENSG00000255571,MIR9-3HG
ENSG00000224155.2,-2.517077068187255,0.0192540679866822,,1.7154774990115134,,-1.45852466786575,ENSG00000224155,ENSG00000224155,
ENSG00000261742.5,-2.515631134568649,0.0193157270073567,,1.7140889411903282,,-1.2277064029350857,ENSG00000261742,ENSG00000261742,LINC00922
ENSG00000196131.6,-2.515270125337098,0.0193311501979264,,1.7137423048047895,,-1.994657012282144,ENSG00000196131,ENSG00000196131,VN1R2
ENSG00000202048.1,-2.512951475420124,0.0194304821749758,,1.7115164220799357,,-1.6491781702816486,ENSG00000202048,ENSG00000202048,SNORD114-20
ENSG00000188293.5,-2.5114364589604734,0.0194956425826596,,1.710062445754063,,-1.5757235490899868,ENSG00000188293,ENSG00000188293,IGFL1
ENSG00000229897.2,-2.510824278682878,0.0195220299269882,,1.7094750257956683,,-1.501407842172437,ENSG00000229897,ENSG00000229897,SEPTIN7P7
ENSG00000128973.12,-2.5104167275418705,0.0195396153895438,,1.7090839890227063,,-1.135551707787848,ENSG00000128973,ENSG00000128973,CLN6
ENSG00000171209.3,-2.509699100872992,0.0195706161714397,,1.7083955005738078,,-1.813560046377017,ENSG00000171209,ENSG00000171209,CSN3
ENSG00000198398.2,-2.5094417224584977,0.019581745819682,,1.7081485910796388,,-1.0530097059538723,ENSG00000198398,ENSG00000198398,TMEM207
ENSG00000142507.9,-2.508611688476033,0.0196176785839085,,1.7073523852255237,,-1.005087633191999,ENSG00000142507,ENSG00000142507,PSMB6
ENSG00000231356.1,-2.5084532129187336,0.0196245460763826,,1.7072003798719897,,-1.6033455035913566,ENSG00000231356,ENSG00000231356,MTFR1P1
ENSG00000260922.1,-2.50714682209772,0.0196812434383199,,1.7059474668121095,,-1.761266795208964,ENSG00000260922,ENSG00000260922,
ENSG00000259998.1,-2.5069402623945853,0.0196902220724815,,1.7057493857252917,,-1.0138325595194406,ENSG00000259998,ENSG00000259998,
ENSG00000213343.5,-2.506800987534892,0.0196962781537405,,1.705615831198824,,-1.1324972744049937,ENSG00000213343,ENSG00000213343,RPL21P18
ENSG00000253230.7,-2.506645803035804,0.0197030280744006,,1.7054670238412704,,-1.376336534697968,ENSG00000253230,ENSG00000253230,MIR124-1HG
ENSG00000241111.1,-2.506481097674087,0.0197101944698891,,1.7053090907493185,,-1.4970965820993605,ENSG00000241111,ENSG00000241111,PRICKLE2-AS1
ENSG00000104490.17,-2.506445702260851,0.0197117348548982,,1.7052751512277755,,-1.1167105400451534,ENSG00000104490,ENSG00000104490,NCALD
ENSG00000213652.3,-2.506204368311232,0.0197222405348118,,1.7050437487948242,,-1.1437177787626565,ENSG00000213652,ENSG00000213652,HMGB3P30
ENSG00000268230.5,-2.503685847073795,0.0198321873603643,,1.7026293833162742,,-1.2437851257969537,ENSG00000268230,ENSG00000268230,
ENSG00000243364.7,-2.500180731451932,0.019986153438913,,1.6992707827203646,,-1.1432345645230275,ENSG00000243364,ENSG00000243364,EFNA4
ENSG00000156427.7,-2.499196952211382,0.0200295664039456,,1.698328452124897,,-1.4450008823205769,ENSG00000156427,ENSG00000156427,FGF18
ENSG00000253680.1,-2.497868327873535,0.0200883361557413,,1.6970560328039943,,-1.4664769836620906,ENSG00000253680,ENSG00000253680,
ENSG00000158553.4,-2.4967220069453093,0.0201391707933652,,1.6959584149780067,,-1.0522742057751164,ENSG00000158553,ENSG00000158553,POM121L2
ENSG00000277174.1,-2.495656772708079,0.0201865167583597,,1.6949386133560596,,-1.2935894485856123,ENSG00000277174,ENSG00000277174,
ENSG00000261253.2,-2.4951711803387044,0.0202081339747045,,1.6944737875190474,,-1.663757797672428,ENSG00000261253,ENSG00000261253,LOC100287036
ENSG00000259404.5,-2.4937198479585536,0.0202728715885053,,1.693084730502205,,-1.1853165853403849,ENSG00000259404,ENSG00000259404,EFL1P1
ENSG00000268182.5,-2.4919476513510594,0.0203521829735469,,1.6913890015483586,,-1.5662749866069854,ENSG00000268182,ENSG00000268182,SMIM17
ENSG00000276294.1,-2.490539599442252,0.0204154032236804,,1.6900420379261418,,-1.9160430589069588,ENSG00000276294,ENSG00000276294,
ENSG00000278849.1,-2.489440920029754,0.0204648596402041,,1.6889912296502214,,-1.4058333504545442,ENSG00000278849,ENSG00000278849,
ENSG00000253213.1,-2.4887063896093427,0.0204979861745637,,1.6882888041264554,,-1.1411087657245242,ENSG00000253213,ENSG00000253213,USP12P1
ENSG00000228657.1,-2.48814414329034,0.020523376540015,,1.687751186832077,,-1.7299418789745735,ENSG00000228657,ENSG00000228657,RPL23AP58
ENSG00000189332.5,-2.486162322552194,0.0206131063947118,,1.6858565551192368,,-1.5059111414140631,ENSG00000189332,ENSG00000189332,SLC25A51P4
ENSG00000178537.9,-2.485915388643285,0.0206243121919807,,1.6856205259881334,,-1.2291241065078369,ENSG00000178537,ENSG00000178537,SLC25A20
ENSG00000260439.1,-2.4853777472215466,0.0206487297990737,,1.685106658691351,,-1.9004181529759567,ENSG00000260439,ENSG00000260439,LMF1-AS1
ENSG00000100253.12,-2.4852988868912025,0.0206523135898307,,1.6850312891400625,,-1.5144362638921556,ENSG00000100253,ENSG00000100253,MIOX
ENSG00000257042.1,2.483195878203643,0.020748097791591,,1.6830217137222026,,1.4358029761748463,ENSG00000257042,ENSG00000257042,
ENSG00000234071.1,-2.4828712444064296,0.0207629203623397,,1.682711561803813,,-1.1299451160152767,ENSG00000234071,ENSG00000234071,MTX2P1
ENSG00000112337.10,-2.4822860224819747,0.0207896660689549,,1.6821524864056592,,-1.156458801294724,ENSG00000112337,ENSG00000112337,SLC17A2
ENSG00000229572.1,-2.4807151173532334,0.0208616175964896,,1.6806520196874128,,-1.3114967992805298,ENSG00000229572,ENSG00000229572,EIF4BP4
ENSG00000213669.2,-2.480260370635619,0.0208824892961713,,1.6802177325302654,,-1.1574940225307095,ENSG00000213669,ENSG00000213669,RPL21P86
ENSG00000165269.12,-2.4800965954879817,0.0208900109006273,,1.6800613334002048,,-1.0558998539621915,ENSG00000165269,ENSG00000165269,AQP7
ENSG00000243199.1,2.4799008617590887,0.0208990035479882,,1.6798744202969238,,1.0730287163122507,ENSG00000243199,ENSG00000243199,RPL6P10
ENSG00000225539.5,-2.479164230980475,0.0209328790043063,,1.6791710368453936,,-1.175249348791281,ENSG00000225539,ENSG00000225539,LINC01821
ENSG00000275194.1,-2.4785971170224435,0.0209589936151038,,1.6786295746415647,,-1.1888424141418037,ENSG00000275194,ENSG00000275194,FAM9CP1
ENSG00000182565.8,-2.477162591964132,0.0210251860901802,,1.6772601516498715,,-1.723665270498286,ENSG00000182565,ENSG00000182565,OR4C2P
ENSG00000220585.4,-2.4764923292772605,0.0210561801205943,,1.6766204129708864,,-1.203120520034907,ENSG00000220585,ENSG00000220585,DDX18P6
ENSG00000254083.5,-2.474601245716707,0.0211438556848937,,1.6748158140963711,,-1.6292865013725055,ENSG00000254083,ENSG00000254083,LINC01591
ENSG00000124089.4,-2.4745475098427416,0.021146351964462,,1.6747645435775764,,-1.8863995240757887,ENSG00000124089,ENSG00000124089,MC3R
ENSG00000264179.1,-2.4742438815470758,0.021160462041861,,1.6744748536481993,,-1.529657404512899,ENSG00000264179,ENSG00000264179,
ENSG00000236530.2,-2.474112871767397,0.0211665529677711,,1.674349862290784,,-1.2788613078995923,ENSG00000236530,ENSG00000236530,KPNA2P1
ENSG00000175564.12,-2.4709155816433848,0.021315707248589,,1.671300253020891,,-1.264255789157215,ENSG00000175564,ENSG00000175564,UCP3
ENSG00000232743.2,-2.47014519554537,0.0213517914552873,,1.6705656809899487,,-1.2904338686646888,ENSG00000232743,ENSG00000232743,ELF2P3
ENSG00000223864.1,-2.469045430655905,0.0214034016943441,,1.6695171976938852,,-1.4300841427456974,ENSG00000223864,ENSG00000223864,NPM1P19
ENSG00000198610.10,-2.4686669234466225,0.0214211912002024,,1.6691563823701538,,-1.13932545501436,ENSG00000198610,ENSG00000198610,AKR1C4
ENSG00000226674.8,-2.4676728145327016,0.0214679787932265,,1.6682088423951211,,-1.18167956555491,ENSG00000226674,ENSG00000226674,TEX41
ENSG00000265751.1,-2.466840336560755,0.021507232168293,,1.667415476706068,,-1.4020245745914737,ENSG00000265751,ENSG00000265751,GREB1L-AS1
ENSG00000162438.11,-2.4663795978719163,0.0215289857379155,,1.6669764299443877,,-1.5253466946652507,ENSG00000162438,ENSG00000162438,CTRC
ENSG00000224892.6,-2.465431399181775,0.0215738187509353,,1.6660729742451923,,-1.5312950177081222,ENSG00000224892,ENSG00000224892,RPS4XP16
ENSG00000213569.4,-2.46476786238099,0.0216052437837462,,1.6654408289436584,,-1.400419034829066,ENSG00000213569,ENSG00000213569,GTF3C6P2
ENSG00000135406.13,-2.462567710832116,0.0217097467603705,,1.663345242469813,,-1.2588899753137217,ENSG00000135406,ENSG00000135406,PRPH
ENSG00000106236.3,-2.462045193512306,0.0217346341190866,,1.6628476663265674,,-1.4004024902376349,ENSG00000106236,ENSG00000106236,NPTX2
ENSG00000119508.17,-2.461563085378496,0.0217576202632847,,1.6623886072754013,,-1.122613790191832,ENSG00000119508,ENSG00000119508,NR4A3
ENSG00000271723.5,-2.45992109107444,0.021836077158769,,1.660825379764115,,-1.7210505599393109,ENSG00000271723,ENSG00000271723,MROH7-TTC4
ENSG00000255075.1,-2.4587867035798263,0.0218904329762814,,1.6597456483292738,,-1.28319178034723,ENSG00000255075,ENSG00000255075,CENPUP1
ENSG00000249948.6,-2.458097240499044,0.0219235308589776,,1.65908949995585,,-1.327162581820165,ENSG00000249948,ENSG00000249948,GBA3
ENSG00000217791.4,-2.457611147542736,0.0219468937751107,,1.658626938373571,,-1.824583649021865,ENSG00000217791,ENSG00000217791,ASS1P9
ENSG00000225581.3,-2.4563537185299325,0.0220074362577815,,1.6574305473580329,,-1.2475566822512496,ENSG00000225581,ENSG00000225581,TRIM53AP
ENSG00000266613.1,-2.4559949563640604,0.0220247382427888,,1.6570892443410188,,-1.1519759741823443,ENSG00000266613,ENSG00000266613,COP1P1
ENSG00000121068.13,-2.4550608732789483,0.0220698453334819,,1.656200710383914,,-1.0878192907475293,ENSG00000121068,ENSG00000121068,TBX2
ENSG00000168938.5,-2.454567682562647,0.0220936961520909,,1.6557316230068884,,-1.195766842134783,ENSG00000168938,ENSG00000168938,PPIC
ENSG00000172421.8,-2.453857401333911,0.0221280874959912,,1.655056120000895,,-1.0333544148598386,ENSG00000172421,ENSG00000172421,EFCAB3
ENSG00000257316.1,-2.4532267482144925,0.0221586648738292,,1.6544564107033886,,-1.5684561377358963,ENSG00000257316,ENSG00000257316,ASS1P14
ENSG00000166770.10,-2.4531786267139206,0.0221609996642143,,1.6544106528398244,,-1.392852975557434,ENSG00000166770,ENSG00000166770,ZNF667-AS1
ENSG00000109193.10,-2.451900911572316,0.0222230761294249,,1.6531958259725836,,-1.0762968439969909,ENSG00000109193,ENSG00000109193,SULT1E1
ENSG00000181016.9,-2.4508679449769843,0.0222733794813807,,1.6522138836051483,,-1.4695156785554015,ENSG00000181016,ENSG00000181016,LSMEM1
ENSG00000102053.12,-2.450487829455453,0.0222919168655092,,1.6518525852514867,,-1.0758018144870942,ENSG00000102053,ENSG00000102053,ZC3H12B
ENSG00000276992.1,-2.4499456101000474,0.0223183844294044,,1.6513372460601263,,-1.0179269346834332,ENSG00000276992,ENSG00000276992,
ENSG00000231622.1,-2.4496065399681872,0.0223349503838116,,1.651015007958686,,-1.6227388517430157,ENSG00000231622,ENSG00000231622,RPS29P7
ENSG00000239872.1,-2.448829841652037,0.022372940487301,,1.6502769326005342,,-1.3871075820165175,ENSG00000239872,ENSG00000239872,RPL35AP19
ENSG00000168062.9,-2.4483173249836354,0.0223980416308772,,1.649789952473181,,-1.7170898573957762,ENSG00000168062,ENSG00000168062,BATF2
ENSG00000198580.7,-2.447358531196304,0.0224450698171064,,1.6488790393540231,,-1.6175500077001712,ENSG00000198580,ENSG00000198580,
ENSG00000250148.1,-2.4466199658533268,0.0224813582916647,,1.64817745285591,,-1.52069841840748,ENSG00000250148,ENSG00000250148,KRT8P31
ENSG00000197934.8,-2.446053475366514,0.0225092289021438,,1.6476393823553188,,-1.1025458668940984,ENSG00000197934,ENSG00000197934,CYYR1-AS1
ENSG00000264994.1,-2.4459800115650707,0.0225128455707575,,1.6475696077283797,,-1.86460348263788,ENSG00000264994,ENSG00000264994,SNORD92
ENSG00000236297.1,2.4449069034292057,0.0225657367366772,,1.64655048286396,,1.0283577177268075,ENSG00000236297,ENSG00000236297,EEF1A1P23
ENSG00000099377.13,2.444316703063655,0.0225948754565641,,1.6459900481666376,,1.1392601710981267,ENSG00000099377,ENSG00000099377,HSD3B7
ENSG00000196071.4,-2.4439297215728173,0.0226139999876432,,1.6456226124040587,,-1.5536996812707906,ENSG00000196071,ENSG00000196071,OR2L13
ENSG00000272918.1,-2.4435092797301063,0.0226347951101039,,1.64522343237942,,-1.186616432822258,ENSG00000272918,ENSG00000272918,
ENSG00000231999.6,-2.443027432391839,0.0226586491328874,,1.6447659855414936,,-1.5858234175305872,ENSG00000231999,ENSG00000231999,LRRC8C-DT
ENSG00000233438.1,-2.441338810937373,0.0227424287776686,,1.6431631566925526,,-1.086154976196046,ENSG00000233438,ENSG00000233438,
ENSG00000208033.1,-2.4407226305898693,0.022773071442597,,1.6425783914044458,,-1.6054472449223236,ENSG00000208033,ENSG00000208033,MIR609
ENSG00000243073.3,-2.4402793924739075,0.0227951373174167,,1.6421577872735242,,-1.1375887503189408,ENSG00000243073,ENSG00000243073,PRAMEF4
ENSG00000237897.2,-2.4370904921331844,0.0229544758047569,,1.6391326204627996,,-1.1873982848794506,ENSG00000237897,ENSG00000237897,MATR3P3
ENSG00000126254.11,-2.436809271172984,0.0229685768080237,,1.6388659139721762,,-1.1434027686136556,ENSG00000126254,ENSG00000126254,RBM42
ENSG00000197550.3,-2.436487963954178,0.0229846976318156,,1.6385612051047844,,-1.316458836379778,ENSG00000197550,ENSG00000197550,
ENSG00000226827.1,-2.435423295510132,0.0230381896964292,,1.6375516500639244,,-1.2165238315401143,ENSG00000226827,ENSG00000226827,NPM1P11
ENSG00000215236.3,-2.435212997804432,0.0230487692856341,,1.6373522592863736,,-1.9326184979488443,ENSG00000215236,ENSG00000215236,RPL7P33
ENSG00000203416.3,-2.432138829293677,0.0232039376341397,,1.6344383104680738,,-1.5092246091679484,ENSG00000203416,ENSG00000203416,FAM32BP
ENSG00000228283.3,-2.4320012156415047,0.0232109062179766,,1.6343079031553,,-1.796956807423765,ENSG00000228283,ENSG00000228283,KATNBL1P6
ENSG00000249266.1,-2.4318655503440114,0.0232177780347177,,1.6341793450382167,,-1.451854293336281,ENSG00000249266,ENSG00000249266,MTHFD2P6
ENSG00000092009.10,-2.431054867128928,0.0232588805890922,,1.6334111909695193,,-1.4313731701426102,ENSG00000092009,ENSG00000092009,CMA1
ENSG00000101438.3,-2.430225066351998,0.0233010221283924,,1.6326250276871013,,-1.811322371761663,ENSG00000101438,ENSG00000101438,SLC32A1
ENSG00000258212.1,-2.4301486544738737,0.0233049062647185,,1.6325526395152337,,-1.4303796734297236,ENSG00000258212,ENSG00000258212,ZNF75BP
ENSG00000255763.1,-2.429519032354622,0.0233369337563083,,1.6319562065680542,,-1.3176613016795693,ENSG00000255763,ENSG00000255763,MRPS18CP4
ENSG00000143994.13,-2.429220584451164,0.023352129362677,,1.6316735121729549,,-1.175731344550352,ENSG00000143994,ENSG00000143994,ABHD1
ENSG00000241343.9,-2.429114421204697,0.0233575369174601,,1.6315729560611083,,-1.232940230673393,ENSG00000241343,ENSG00000241343,RPL36A
ENSG00000276759.2,-2.4285222612981343,0.0233877205592252,,1.6310121038338774,,-1.5763559740145363,ENSG00000276759,ENSG00000276759,LINC03106
ENSG00000237787.4,-2.4267856311101936,0.0234764484229831,,1.6293676036325146,,-1.6054191979375945,ENSG00000237787,ENSG00000237787,LINC02877
ENSG00000180016.2,-2.42581861327172,0.023525990099616,,1.6284520900791788,,-1.6253826501079185,ENSG00000180016,ENSG00000180016,OR1E1
ENSG00000236276.1,-2.424606456656663,0.0235882271144548,,1.6273046993578713,,-1.5120916919708116,ENSG00000236276,ENSG00000236276,NDP-AS1
ENSG00000233578.1,-2.424107359883373,0.0236138969741487,,1.6268323358898886,,-1.5809523308659394,ENSG00000233578,ENSG00000233578,EIF4EP1
ENSG00000188000.3,-2.423471128326363,0.023646657483741,,1.6262302392373071,,-1.4647800947349292,ENSG00000188000,ENSG00000188000,OR7D2
ENSG00000248711.1,-2.422751140458598,0.0236837814078088,,1.625548955942533,,-1.437168434169876,ENSG00000248711,ENSG00000248711,THUMPD3P1
ENSG00000279207.1,-2.421198708744908,0.0237640110995114,,1.6240802534483785,,-1.0833582811231828,ENSG00000279207,ENSG00000279207,
ENSG00000196475.5,-2.420316841582349,0.0238096978184011,,1.6232461164234986,,-1.080445698725491,ENSG00000196475,ENSG00000196475,GK2
ENSG00000153989.7,-2.4196986279495807,0.0238417738796144,,1.6226614352796107,,-1.1535961011115856,ENSG00000153989,ENSG00000153989,NUS1
ENSG00000120160.10,-2.419380540936688,0.0238582934051686,,1.6223606248410922,,-1.145713216587929,ENSG00000120160,ENSG00000120160,EQTN
ENSG00000259304.1,-2.418531182364505,0.0239024558281798,,1.621557475711514,,-1.11428119378227,ENSG00000259304,ENSG00000259304,
ENSG00000188029.8,-2.418279752007286,0.0239155434410909,,1.6213197460575193,,-1.345466335683306,ENSG00000188029,ENSG00000188029,CTSL3P
ENSG00000231804.1,-2.4176899431378427,0.0239462705396602,,1.6207621152417593,,-1.374790512859313,ENSG00000231804,ENSG00000231804,RPL21P85
ENSG00000225271.1,-2.4161882907334404,0.0240246664327599,,1.6193426335207015,,-1.4588749979323656,ENSG00000225271,ENSG00000225271,NOLC1P1
ENSG00000234452.5,-2.415974190312092,0.0240358631449824,,1.6191402774308132,,-1.9804130847485693,ENSG00000234452,ENSG00000234452,SLC16A12-AS1
ENSG00000256306.1,-2.4159471950988203,0.0240372752435868,,1.6191147635304313,,-1.0655666465257505,ENSG00000256306,ENSG00000256306,
ENSG00000124091.9,-2.414991169927582,0.024087333628173,,1.6182112720091817,,-1.0204758468547994,ENSG00000124091,ENSG00000124091,GCNT7
ENSG00000167034.9,-2.4149139794292256,0.0240913795951454,,1.618138329374699,,-1.590682533087241,ENSG00000167034,ENSG00000167034,NKX3-1
ENSG00000184357.4,2.414225026671034,0.0241275191150695,,1.6174873316356253,,1.292739673772304,ENSG00000184357,ENSG00000184357,H1-5
ENSG00000167359.8,-2.4123955355224207,0.0242237296207541,,1.615758989639971,,-1.9847989677558089,ENSG00000167359,ENSG00000167359,OR51I1
ENSG00000253509.1,-2.411957660104603,0.024246809405171,,1.6153454013459367,,-1.6525177507394389,ENSG00000253509,ENSG00000253509,
ENSG00000256563.2,-2.411143225899165,0.0242897910918669,,1.6145762203961689,,-1.0406290312042912,ENSG00000256563,ENSG00000256563,NANOGNBP2
ENSG00000268845.1,-2.409890719268292,0.024356029352376,,1.613393511232425,,-1.345038658280247,ENSG00000268845,ENSG00000268845,
ENSG00000267369.1,-2.408467791635766,0.0244314826323061,,1.6120501769278628,,-1.49818262047368,ENSG00000267369,ENSG00000267369,TAF5LP1
ENSG00000223984.1,-2.406530080886046,0.0245345803240098,,1.6102213664389469,,-1.2156329140011983,ENSG00000223984,ENSG00000223984,HNRNPRP1
ENSG00000235481.2,-2.405254409490569,0.0246026727021193,,1.60901771091566,,-1.7837351935216643,ENSG00000235481,ENSG00000235481,UBE2R2-AS1
ENSG00000236090.2,-2.4047571004832093,0.0246292651328207,,1.6085485460789677,,-1.269244497467137,ENSG00000236090,ENSG00000236090,LDHAP3
ENSG00000189023.10,-2.4042904408846515,0.0246542427864441,,1.6081083315517837,,-1.427448168757596,ENSG00000189023,ENSG00000189023,MAGEB16
ENSG00000234073.1,-2.4033448002704576,0.0247049293025483,,1.607216384581975,,-1.5588146750309602,ENSG00000234073,ENSG00000234073,CBX3P10
ENSG00000254534.1,-2.3998627904161767,0.0248923959082834,,1.6039333002709073,,-1.4715513514245993,ENSG00000254534,ENSG00000254534,PLS1P1
ENSG00000185182.14,-2.3973997497142165,0.025025794330291,,1.6016121289220764,,-1.2598067764254894,ENSG00000185182,ENSG00000185182,GOLGA8EP
ENSG00000231304.2,-2.395837438159026,0.0251107507298082,,1.600140303099928,,-1.5904266020717817,ENSG00000231304,ENSG00000231304,SGO1-AS1
ENSG00000261834.2,-2.3937730675297004,0.0252234164474796,,1.5981960896979528,,-1.4835194580881723,ENSG00000261834,ENSG00000261834,IGHV3OR16-15
ENSG00000258231.5,-2.392686662610313,0.0252828954751837,,1.597173190797632,,-1.2386842536033664,ENSG00000258231,ENSG00000258231,LOC100506869
ENSG00000151360.9,-2.392494455774355,0.0252934319655362,,1.5969922389604192,,-1.1327760389124686,ENSG00000151360,ENSG00000151360,ALLC
ENSG00000120555.13,-2.389326651887014,0.0254676705395957,,1.594010776986344,,-1.2322387536938049,ENSG00000120555,ENSG00000120555,SEPTIN7P9
ENSG00000205693.3,-2.388064477005724,0.025537401667423,,1.592823292620985,,-1.6573184606735112,ENSG00000205693,ENSG00000205693,MANSC4
ENSG00000163098.4,-2.3878876168318937,0.0255471866737318,,1.5926569185956578,,-1.5806186172792849,ENSG00000163098,ENSG00000163098,BIRC8
ENSG00000135750.14,-2.386643774026741,0.025616101489636,,1.5914869647696537,,-1.253217107567959,ENSG00000135750,ENSG00000135750,KCNK1
ENSG00000248196.1,-2.3864271608214525,0.0256281203973341,,1.5912832444204985,,-1.5005388092863428,ENSG00000248196,ENSG00000248196,LOC100419572
ENSG00000259207.7,-2.3857195173216987,0.0256674206369688,,1.5906177721316317,,-1.1570080342023394,ENSG00000259207,ENSG00000259207,ITGB3
ENSG00000126549.9,-2.38563379205855,0.0256721853119952,,1.5905371609917625,,-1.7135965765350991,ENSG00000126549,ENSG00000126549,STATH
ENSG00000207983.1,-2.384850696947614,0.0257157480811837,,1.5898008373625483,,-1.6144297526506033,ENSG00000207983,ENSG00000207983,MIR613
ENSG00000181562.3,-2.3844468390651707,0.0257382408933293,,1.5894211387224917,,-1.4710398627242545,ENSG00000181562,ENSG00000181562,EDDM3A
ENSG00000129749.3,-2.3842549712508965,0.0257489332979524,,1.589240757784296,,-1.8537850633605693,ENSG00000129749,ENSG00000129749,CHRNA10
ENSG00000189280.3,-2.382779280645605,0.0258313074577715,,1.5878536113518456,,-1.6924512739460045,ENSG00000189280,ENSG00000189280,GJB5
ENSG00000237296.9,2.382553615364225,0.0258439256481643,,1.5876415170761655,,1.034873666614909,ENSG00000237296,ENSG00000237296,SMG1P1
ENSG00000234222.6,-2.382480153841235,0.0258480345122352,,1.587572475121049,,-1.552206018557017,ENSG00000234222,ENSG00000234222,LIX1L-AS1
ENSG00000251313.1,-2.38219293589446,0.0258641050197139,,1.5873025449651037,,-1.5470744882153653,ENSG00000251313,ENSG00000251313,LOC100286946
ENSG00000204456.4,-2.3798143202384185,0.0259975482880248,,1.5850676064594529,,-1.3501753721123837,ENSG00000204456,ENSG00000204456,
ENSG00000256385.1,-2.378994709753389,0.0260436761764661,,1.584297713250197,,-1.3282566383035566,ENSG00000256385,ENSG00000256385,UBE2NP1
ENSG00000211849.1,-2.378575210836894,0.0260673148409516,,1.5839037026183014,,-1.4588350575028106,ENSG00000211849,ENSG00000211849,TRAJ40
ENSG00000149435.12,2.376968880716602,0.0261580140009303,,1.5823952321053534,,1.2766563642588185,ENSG00000149435,ENSG00000149435,GGTLC1
ENSG00000127445.13,2.3767530138569546,0.026170224747751,,1.5821925476585907,,1.2568982296913147,ENSG00000127445,ENSG00000127445,PIN1
ENSG00000168701.18,-2.3757726499957386,0.026225746194649,,1.5812721460854755,,-1.1603500637396034,ENSG00000168701,ENSG00000168701,TMEM208
ENSG00000244089.1,-2.3739177889715517,0.0263310903540725,,1.5795311566572252,,-1.000547913779172,ENSG00000244089,ENSG00000244089,HMGB1P30
ENSG00000171243.7,-2.3735117344088663,0.0263542035594953,,1.579150103901415,,-1.6289985062169194,ENSG00000171243,ENSG00000171243,SOSTDC1
ENSG00000259441.2,-2.37349875623264,0.026354942603787,,1.5791379252614206,,-1.098714110126222,ENSG00000259441,ENSG00000259441,MRPL15P1
ENSG00000184293.7,-2.373237034046898,0.0263698504879794,,1.5788923325664277,,-1.3086315482814408,ENSG00000184293,ENSG00000184293,CLECL1P
ENSG00000203414.2,-2.373065992986731,0.0263795973044809,,1.578731838424857,,-1.2548000993712678,ENSG00000203414,ENSG00000203414,BTBD7P1
ENSG00000229948.2,-2.3708084098812776,0.0265085574081453,,1.5766139058666464,,-1.47792480987261,ENSG00000229948,ENSG00000229948,B3GALNT1P1
ENSG00000120942.13,-2.3694891353179,0.0265841868379622,,1.5753766194268002,,-1.2475322250814131,ENSG00000120942,ENSG00000120942,UBIAD1
ENSG00000263369.6,-2.368652675373098,0.0266322410061864,,1.5745922877228484,,-1.867015509717446,ENSG00000263369,ENSG00000263369,
ENSG00000221930.6,-2.3670090976756715,0.0267268965952947,,1.5730514666001874,,-2.032808127775935,ENSG00000221930,ENSG00000221930,DENND10P1
ENSG00000180219.1,-2.36595888655293,0.026787541505215,,1.572067143044025,,-1.3236267129938564,ENSG00000180219,ENSG00000180219,GARIN6
ENSG00000224776.3,-2.365737475740511,0.0268003431215228,,1.5718596457163576,,-1.2930187139846117,ENSG00000224776,ENSG00000224776,RPSAP50
ENSG00000244146.1,-2.3654401163135086,0.0268175448209509,,1.5715809848558144,,-1.4958704446462026,ENSG00000244146,ENSG00000244146,RPL26P16
ENSG00000259228.1,-2.365353856567733,0.0268225366901222,,1.5715001519718712,,-1.0666594324001095,ENSG00000259228,ENSG00000259228,HNRNPA1P62
ENSG00000283659.1,-2.362791812535556,0.0269711930540188,,1.5690998423748022,,-1.1455703118547984,ENSG00000283659,ENSG00000283659,
ENSG00000245573.7,-2.361020505250236,0.0270744115583419,,1.5674409736589543,,-1.6337352640742484,ENSG00000245573,ENSG00000245573,BDNF-AS
ENSG00000138684.7,-2.360378271682382,0.0271119257735056,,1.5668396331718972,,-1.2502848621536673,ENSG00000138684,ENSG00000138684,IL21
ENSG00000158825.5,-2.3599597946435797,0.0271363956158,,1.5664478378893845,,-1.5831391846941445,ENSG00000158825,ENSG00000158825,CDA
ENSG00000172331.11,-2.3595283032166425,0.0271616477225192,,1.5660438877386618,,-1.3507434288811813,ENSG00000172331,ENSG00000172331,BPGM
ENSG00000237442.3,-2.3587180178382,0.0272091263310881,,1.565285402934648,,-1.0025427822612267,ENSG00000237442,ENSG00000237442,HNRNPA1P57
ENSG00000273851.1,-2.357699570151552,0.0272689104356195,,1.564332214506169,,-1.2838387252007484,ENSG00000273851,ENSG00000273851,
ENSG00000254636.1,-2.356509170187317,0.0273389414253355,,1.56321830549738,,-1.9439974655794623,ENSG00000254636,ENSG00000254636,ARMS2
ENSG00000148288.11,-2.356298218408089,0.0273513689101869,,1.5630209327578697,,-1.2196746660234927,ENSG00000148288,ENSG00000148288,GBGT1
ENSG00000152078.9,-2.355186693728087,0.02741693631298,,1.5619810767786193,,-1.629891675242502,ENSG00000152078,ENSG00000152078,TLCD4
ENSG00000164451.13,-2.35280817557165,0.0275577276984878,,1.5597565954978156,,-1.2265564607821162,ENSG00000164451,ENSG00000164451,CALHM4
ENSG00000147117.7,-2.352760488737093,0.0275605572033999,,1.559712006361086,,-1.092696020209661,ENSG00000147117,ENSG00000147117,ZNF157
ENSG00000242308.2,-2.352305250481652,0.0275875822727911,,1.5592863586579853,,-1.468055961365635,ENSG00000242308,ENSG00000242308,MAT2AP1
ENSG00000229000.1,-2.35098215485552,0.0276662657238115,,1.5580494561459228,,-1.0729498381207738,ENSG00000229000,ENSG00000229000,SEPTIN7P8
ENSG00000232048.2,-2.3508389556455227,0.0276747940243121,,1.5579156027685714,,-1.2674214430397868,ENSG00000232048,ENSG00000232048,HNRNPCP9
ENSG00000163106.10,-2.3490096058236967,0.0277839546238818,,1.5562059389765128,,-1.0612734859513946,ENSG00000163106,ENSG00000163106,HPGDS
ENSG00000228187.1,-2.3489368304192544,0.0277883054346734,,1.5561379362312409,,-1.5437332948036748,ENSG00000228187,ENSG00000228187,LOC100421400
ENSG00000134258.16,-2.348315879517094,0.0278254538794622,,1.5555577428696876,,-1.105765069806564,ENSG00000134258,ENSG00000134258,VTCN1
ENSG00000188817.7,-2.3479228313564,0.0278489915965582,,1.5551905258754977,,-1.28018881420286,ENSG00000188817,ENSG00000188817,SNTN
ENSG00000171643.13,-2.346640778521342,0.0279258946201101,,1.5539929051468624,,-1.4931283639670312,ENSG00000171643,ENSG00000171643,S100Z
ENSG00000186943.1,-2.3464662060953048,0.0279363812994519,,1.5538298503142358,,-1.98779212316456,ENSG00000186943,ENSG00000186943,OR13C8
ENSG00000266490.1,-2.3463901923738724,0.0279409486235858,,1.5537588532327515,,-1.9028082573521965,ENSG00000266490,ENSG00000266490,
ENSG00000258828.2,2.346205433655226,0.027952052807528,,1.5535862918833114,,1.3067150185076672,ENSG00000258828,ENSG00000258828,KRT8P2
ENSG00000232260.2,-2.345739499050012,0.02798007394748,,1.5531511420622002,,-1.9593561904571857,ENSG00000232260,ENSG00000232260,BTF3L4P1
ENSG00000163793.12,-2.345539193680521,0.0279921281691144,,1.552964081992293,,-1.4800767800419858,ENSG00000163793,ENSG00000163793,DNAJC5G
ENSG00000255622.3,-2.344778977206936,0.02803792082447,,1.5522541949828093,,-1.2548092682012826,ENSG00000255622,ENSG00000255622,PCDHB17P
ENSG00000259428.1,-2.3438972439987285,0.0280911193776292,,1.551430954645288,,-1.5509523363208906,ENSG00000259428,ENSG00000259428,HMGB3P26
ENSG00000253993.1,-2.3429442845531687,0.0281487195228476,,1.5505413562943324,,-1.5868597401241291,ENSG00000253993,ENSG00000253993,
ENSG00000188338.14,-2.3403345699117373,0.0283070152931721,,1.54810592046327,,-1.1117185333658504,ENSG00000188338,ENSG00000188338,SLC38A3
ENSG00000249439.1,-2.3400193190642016,0.0283261924883896,,1.5478117979614412,,-1.398159616616819,ENSG00000249439,ENSG00000249439,HMGN1P14
ENSG00000279270.2,-2.3399260130822985,0.0283318707223239,,1.547724748544884,,-1.5225694641482777,ENSG00000279270,ENSG00000279270,OR52R1
ENSG00000232851.3,-2.338876737262622,0.0283957974990971,,1.5467459296009296,,-1.8383934412980785,ENSG00000232851,ENSG00000232851,ATP5MFP3
ENSG00000230097.2,-2.337767331344532,0.0284635316718882,,1.5457112149173988,,-1.205346262879787,ENSG00000230097,ENSG00000230097,ME2P1
ENSG00000211800.3,-2.3368027481882363,0.0285225442657011,,1.5448117371907628,,-1.840997708089369,ENSG00000211800,ENSG00000211800,TRAV20
ENSG00000036448.9,-2.335352407005465,0.0286114866145907,,1.5434595762478596,,-1.9365308518008104,ENSG00000036448,ENSG00000036448,MYOM2
ENSG00000230426.2,-2.334727474551296,0.0286498890802779,,1.5428770550898363,,-1.3830458443419396,ENSG00000230426,ENSG00000230426,LINC01036
ENSG00000241932.1,-2.334667403044973,0.0286535830003436,,1.542821063749518,,-1.4940200790654143,ENSG00000241932,ENSG00000241932,RPL35AP34
ENSG00000218803.1,-2.334520532521092,0.028662616210546,,1.5426841714422368,,-1.20100899083002,ENSG00000218803,ENSG00000218803,GSTM2P1
ENSG00000240219.1,-2.3333603836312005,0.0287340625827425,,1.541602966680028,,-1.2201900117968256,ENSG00000240219,ENSG00000240219,
ENSG00000229590.3,-2.333288570156433,0.028738490495227,,1.541536047155519,,-1.734128049498879,ENSG00000229590,ENSG00000229590,MSX2P1
ENSG00000197782.14,-2.332724291335833,0.0287733048843776,,1.541010252443462,,-1.0011586621571291,ENSG00000197782,ENSG00000197782,ZNF780A
ENSG00000270547.5,-2.332324136351109,0.0287980167476846,,1.5406374200600224,,-1.3257904032192689,ENSG00000270547,ENSG00000270547,LINC01235
ENSG00000248122.1,-2.331766536771066,0.0288324841889057,,1.540117937457263,,-1.302426361557802,ENSG00000248122,ENSG00000248122,APOOP4
ENSG00000257580.1,-2.3314475053317465,0.0288522218048422,,1.5398207377793247,,-1.672064642988172,ENSG00000257580,ENSG00000257580,
ENSG00000232524.1,-2.33106054353513,0.0288761787241834,,1.5394602788587506,,-1.537010362002296,ENSG00000232524,ENSG00000232524,
ENSG00000007944.14,-2.3306941077372247,0.0288988816935875,,1.5391189629078463,,-1.329328410437895,ENSG00000007944,ENSG00000007944,MYLIP
ENSG00000202142.1,-2.3305833459488685,0.0289057472950308,,1.5390157984074266,,-1.9892602581237464,ENSG00000202142,ENSG00000202142,SNORD114-18
ENSG00000231667.2,-2.330363218823085,0.0289193963803439,,1.5388107760877985,,-1.557123406176914,ENSG00000231667,ENSG00000231667,OR7E111P
ENSG00000235926.1,-2.3300230928536263,0.028940497675139,,1.5384940048096467,,-1.6775307086407405,ENSG00000235926,ENSG00000235926,RPS29P15
ENSG00000224539.1,-2.329805718765088,0.0289539908830155,,1.5382915666855357,,-1.178106547216489,ENSG00000224539,ENSG00000224539,SAGE4P
ENSG00000250080.1,-2.3288737676311047,0.0290119059405648,,1.5374237392331735,,-1.4888235338272584,ENSG00000250080,ENSG00000250080,
ENSG00000140104.13,-2.3288252229124264,0.0290149256071082,,1.5373785386084562,,-1.1856732793853226,ENSG00000140104,ENSG00000140104,CLBA1
ENSG00000141034.9,-2.3283938199303216,0.0290417731833358,,1.5369768707464464,,-1.0651554906495804,ENSG00000141034,ENSG00000141034,GID4
ENSG00000165526.8,-2.3279494068018747,0.0290694542455004,,1.536563121665848,,-1.0899690362382817,ENSG00000165526,ENSG00000165526,RPUSD4
ENSG00000233473.2,-2.3277459103385,0.0290821374595926,,1.5363736771530192,,-1.7509338163676644,ENSG00000233473,ENSG00000233473,RAD1P2
ENSG00000239917.3,2.324574215326102,0.0292804750282565,,1.5334218818323244,,1.4744213116121598,ENSG00000239917,ENSG00000239917,RPS10P16
ENSG00000233588.1,-2.324489576184371,0.0292857847696814,,1.5333431337129988,,-1.0968654929213664,ENSG00000233588,ENSG00000233588,CYP51A1P2
ENSG00000255059.1,-2.323741394855777,0.0293327594905117,,1.5326470786788775,,-1.175463941182987,ENSG00000255059,ENSG00000255059,PPIAP43
ENSG00000237610.1,-2.3236479127115706,0.0293386336386207,,1.5325601160218798,,-1.8911365822202009,ENSG00000237610,ENSG00000237610,OR4C50P
ENSG00000225642.1,-2.32215653732,0.0294324933187868,,1.531172945894806,,-1.6471806759375462,ENSG00000225642,ENSG00000225642,SNRPEP5
ENSG00000231458.2,-2.3220604726474545,0.0294385485727814,,1.531083606099853,,-1.4604191855638768,ENSG00000231458,ENSG00000231458,RNASEH1P2
ENSG00000250768.1,-2.3196933703852465,0.0295881155548855,,1.528882693851732,,-1.347537845875639,ENSG00000250768,ENSG00000250768,DPP3P1
ENSG00000156381.8,-2.319142087753918,0.0296230485615966,,1.5283702494829203,,-1.2764327368765094,ENSG00000156381,ENSG00000156381,ANKRD9
ENSG00000215313.3,-2.3182694233911736,0.0296784237692418,,1.5275591683019885,,-1.4135154104911296,ENSG00000215313,ENSG00000215313,RPL6P30
ENSG00000279151.1,-2.3182234116367755,0.0296813460912305,,1.527516407074374,,-1.7303315201756286,ENSG00000279151,ENSG00000279151,
ENSG00000276535.1,-2.318048992004622,0.0296924263141534,,1.5273543126163465,,-1.181259428485638,ENSG00000276535,ENSG00000276535,
ENSG00000213290.4,-2.3180286813159503,0.029693716822123,,1.5273354374895731,,-1.4075215359775823,ENSG00000213290,ENSG00000213290,PGK1P2
ENSG00000174948.5,-2.3170560215227725,0.0297555782318145,,1.5264316057942031,,-1.0946339302870358,ENSG00000174948,ENSG00000174948,GPR149
ENSG00000263311.1,-2.316284592663306,0.0298047252424117,,1.5257148773994909,,-1.5917794058553054,ENSG00000263311,ENSG00000263311,
ENSG00000226461.3,-2.3160755923986365,0.0298180532516674,,1.5255207139902325,,-1.7159427576500157,ENSG00000226461,ENSG00000226461,OR10G5P
ENSG00000232199.1,-2.314910719531135,0.0298924376180958,,1.5244386684025863,,-1.1553335978678108,ENSG00000232199,ENSG00000232199,RPL3P8
ENSG00000259378.1,-2.311723983805244,0.0300967998786141,,1.5214796794541126,,-1.136255066074654,ENSG00000259378,ENSG00000259378,DCAF13P3
ENSG00000272460.1,-2.311189472906997,0.0301312025857562,,1.5209835345750549,,-2.167916941766425,ENSG00000272460,ENSG00000272460,SNORD115-40
ENSG00000156206.13,-2.3107310036699777,0.0301607397131712,,1.5205580112966617,,-1.1947801152240023,ENSG00000156206,ENSG00000156206,CFAP161
ENSG00000248826.2,-2.310686773995531,0.0301635906356431,,1.5205169618596717,,-1.4936758906297696,ENSG00000248826,ENSG00000248826,PCBP2P3
ENSG00000196341.2,-2.3104568358969635,0.0301784157859104,,1.5203035622242984,,-1.4180144128582108,ENSG00000196341,ENSG00000196341,OR8D1
ENSG00000259722.2,-2.310020593032861,0.0302065606769502,,1.5198987207397616,,-1.125488171240934,ENSG00000259722,ENSG00000259722,
ENSG00000223583.1,-2.309623971615308,0.0302321701854131,,1.5195306763180267,,-1.7587281688623164,ENSG00000223583,ENSG00000223583,RPL17P9
ENSG00000242291.1,-2.3087574232042023,0.0302881916598237,,1.5187266552113503,,-1.8923825543111,ENSG00000242291,ENSG00000242291,RPL36AP51
ENSG00000125631.7,-2.307789649867192,0.0303508695568204,,1.5178288618105025,,-1.5148169274284182,ENSG00000125631,ENSG00000125631,HTR5BP
ENSG00000226057.6,-2.307746593547975,0.0303536608588503,,1.51778892254859,,-1.1372755068022058,ENSG00000226057,ENSG00000226057,PHF2P2
ENSG00000086848.14,-2.307225904812192,0.0303874352465501,,1.5173059535980828,,-1.6868105218378562,ENSG00000086848,ENSG00000086848,ALG9
ENSG00000206199.9,-2.3063350078639866,0.0304453029243365,,1.5164797004495545,,-1.087406500997039,ENSG00000206199,ENSG00000206199,ANKUB1
ENSG00000207816.1,-2.3036525372499184,0.0306201508167776,,1.513992674554381,,-1.9170935723062597,ENSG00000207816,ENSG00000207816,MIR124-2
ENSG00000136305.11,-2.303581424827694,0.030624798521585,,1.5139267598111388,,-1.1835893489380644,ENSG00000136305,ENSG00000136305,CIDEB
ENSG00000228083.2,-2.303486165845442,0.0306310253881977,,1.513838464734976,,-1.8716118910184445,ENSG00000228083,ENSG00000228083,IFNA14
ENSG00000179300.3,-2.3024796852564977,0.0306968876000295,,1.5129056560099667,,-1.7835039777403987,ENSG00000179300,ENSG00000179300,RTL3
ENSG00000264235.5,-2.301905593721409,0.0307345130908022,,1.5123736627660875,,-1.889435647000108,ENSG00000264235,ENSG00000264235,MYL12-AS1
ENSG00000172179.11,-2.3018913125845533,0.03073544960254,,1.512360429575041,,-1.5209451659456346,ENSG00000172179,ENSG00000172179,PRL
ENSG00000235430.1,-2.301638261402408,0.030752048228705,,1.5121259529031972,,-1.8296786620987997,ENSG00000235430,ENSG00000235430,ZSWIM5P1
ENSG00000233885.7,2.3008666817466112,0.0308027098272627,,1.511411075341791,,1.3142202302752448,ENSG00000233885,ENSG00000233885,YEATS2-AS1
ENSG00000164129.11,-2.3001536157233806,0.0308495973251272,,1.510750500370337,,-1.2757007939862266,ENSG00000164129,ENSG00000164129,NPY5R
ENSG00000197706.3,-2.300153459187996,0.0308496076252412,,1.5107503553674095,,-1.3573297620819438,ENSG00000197706,ENSG00000197706,OR6C74
ENSG00000249216.1,-2.2997088259083625,0.0308788774378874,,1.5103384962700002,,-1.6472762856577616,ENSG00000249216,ENSG00000249216,
ENSG00000251571.1,-2.2989279405613057,0.0309303439191459,,1.5096152509843117,,-1.20646976519341,ENSG00000251571,ENSG00000251571,DDX3P3
ENSG00000236973.2,-2.298560965830584,0.0309545575299631,,1.5092753994904826,,-1.243667173907962,ENSG00000236973,ENSG00000236973,GAPDHP51
ENSG00000279253.1,-2.297518490212598,0.0310234364430392,,1.5083100973802896,,-1.0628119178184232,ENSG00000279253,ENSG00000279253,
ENSG00000224289.1,-2.2965304104464264,0.0310888506604838,,1.5073953333133945,,-1.31769717474912,ENSG00000224289,ENSG00000224289,IFIT6P
ENSG00000231445.1,-2.2964401403225363,0.0310948331317386,,1.5073117694553635,,-1.5080268944886266,ENSG00000231445,ENSG00000231445,TIMM8AP1
ENSG00000235455.1,-2.2959292244534835,0.0311287129021289,,1.5068388359849805,,-1.4449904550808554,ENSG00000235455,ENSG00000235455,IQCF5-AS1
ENSG00000257761.1,-2.29511987891149,0.0311824511910348,,1.506089748771975,,-1.878179949058519,ENSG00000257761,ENSG00000257761,LOC124902964
ENSG00000163354.14,-2.295001684396953,0.03119030607248,,1.5059803634622555,,-1.154785230960453,ENSG00000163354,ENSG00000163354,DCST2
ENSG00000239797.1,-2.294870644187629,0.0311990167582845,,1.5058590926219442,,-1.6299384269618786,ENSG00000239797,ENSG00000239797,RPL21P39
ENSG00000237551.1,-2.2936498886974044,0.0312802714522514,,1.5047294867597796,,-1.498949389341604,ENSG00000237551,ENSG00000237551,RPL21P74
ENSG00000243918.1,-2.292979562288163,0.0313249712891969,,1.5041093183848595,,-1.054538508978379,ENSG00000243918,ENSG00000243918,EIF4BP8
ENSG00000100344.10,-2.2926955041844312,0.0313439309420735,,1.5038465381994357,,-1.1259557821962114,ENSG00000100344,ENSG00000100344,PNPLA3
ENSG00000174016.11,-2.292305580986246,0.0313699737178996,,1.5034858451586766,,-1.408449313365692,ENSG00000174016,ENSG00000174016,TENT5D
ENSG00000211452.10,-2.2909411210055444,0.031461261115723,,1.502223872792761,,-1.075338493894416,ENSG00000211452,ENSG00000211452,DIO1
ENSG00000235071.1,-2.2902755405106245,0.0315058789590944,,1.5016083998209624,,-1.0632895004473797,ENSG00000235071,ENSG00000235071,LOC100132857
ENSG00000221463.3,-2.290099766055231,0.0315176718226698,,1.5014458708751035,,-1.4059740879104698,ENSG00000221463,ENSG00000221463,MIR1277
ENSG00000116996.9,-2.288751010984634,0.031608295328191,,1.500198925530972,,-1.134064756446482,ENSG00000116996,ENSG00000116996,ZP4
ENSG00000233087.7,-2.2879408255725857,0.0316628465006192,,1.4994500444976135,,-1.6829137786614583,ENSG00000233087,ENSG00000233087,RAB6D
ENSG00000230785.2,-2.285836371649246,0.0318049451904692,,1.4975053485074237,,-1.3315139801519271,ENSG00000230785,ENSG00000230785,LOC100421782
ENSG00000250485.1,-2.284986200603337,0.0318625162055411,,1.496719930636829,,-1.4262006910765976,ENSG00000250485,ENSG00000250485,EXOC7P1
ENSG00000088882.7,-2.283953849415027,0.0319325518941752,,1.495766373371811,,-1.0252211078565654,ENSG00000088882,ENSG00000088882,CPXM1
ENSG00000121388.5,-2.282814742496561,0.0320099931614768,,1.4947144186372854,,-1.8505455140040976,ENSG00000121388,ENSG00000121388,
ENSG00000198077.10,-2.2819954577635166,0.0320657975917968,,1.4939579531455205,,-1.376088011908905,ENSG00000198077,ENSG00000198077,CYP2A7
ENSG00000254646.1,-2.2819478174721537,0.0320690452754135,,1.4939139692200334,,-1.227675073123226,ENSG00000254646,ENSG00000254646,OR8B10P
ENSG00000235995.1,-2.281065652517817,0.0321292376038073,,1.4930995797204356,,-1.3501575555674077,ENSG00000235995,ENSG00000235995,UBE2V1P6
ENSG00000211875.1,-2.28104295073134,0.0321307879645446,,1.493078623827332,,-1.7167341001141976,ENSG00000211875,ENSG00000211875,TRAJ14
ENSG00000144199.11,-2.2808464640289547,0.0321442093787846,,1.4928972517084869,,-1.270173561953952,ENSG00000144199,ENSG00000144199,FAHD2B
ENSG00000241535.1,-2.2807008081269005,0.0321541619984915,,1.4927628045129775,,-1.2399106123896817,ENSG00000241535,ENSG00000241535,CBX5P1
ENSG00000117013.14,-2.2805374184429232,0.0321653297105314,,1.4926119925076506,,-1.1299697043169243,ENSG00000117013,ENSG00000117013,KCNQ4
ENSG00000268364.1,-2.2800511478024865,0.0321985873503294,,1.4921631817021426,,-1.4532541538776182,ENSG00000268364,ENSG00000268364,
ENSG00000216977.1,-2.279989239677157,0.0322028237021341,,1.4921060455560633,,-1.7176781142883628,ENSG00000216977,ENSG00000216977,RPL21P65
ENSG00000131148.8,-2.279545183685023,0.0322332252229517,,1.4916962372598537,,-1.1837704082096552,ENSG00000131148,ENSG00000131148,EMC8
ENSG00000105971.14,-2.279229374744084,0.0322548624770901,,1.4914048054384543,,-1.1136720016114885,ENSG00000105971,ENSG00000105971,CAV2
ENSG00000271494.1,-2.279097003724104,0.0322639356555352,,1.4912826571197606,,-1.568108241040829,ENSG00000271494,ENSG00000271494,
ENSG00000237972.1,-2.277828643201897,0.0323509917931302,,1.4901124005074575,,-1.4894193414872452,ENSG00000237972,ENSG00000237972,TUBG1P
ENSG00000224280.1,-2.276845353994581,0.0324186290780914,,1.4892053545833903,,-1.4262092558632056,ENSG00000224280,ENSG00000224280,LOC317727
ENSG00000260122.1,-2.2762190749542413,0.0324617760582114,,1.4886277226126912,,-1.5277227463651852,ENSG00000260122,ENSG00000260122,
ENSG00000197982.13,-2.2757881632651182,0.0324914938003872,,1.488230321454283,,-1.7568793672343657,ENSG00000197982,ENSG00000197982,C1orf122
ENSG00000186367.6,-2.275734210245247,0.0324952164088723,,1.4881805664099077,,-1.2003615385653716,ENSG00000186367,ENSG00000186367,MINAR2
ENSG00000129562.10,-2.275213459126666,0.0325311668072766,,1.4877003594395144,,-1.166972438440543,ENSG00000129562,ENSG00000129562,DAD1
ENSG00000240540.2,-2.274527718918052,0.0325785627139957,,1.487068079608527,,-1.2893104863855545,ENSG00000240540,ENSG00000240540,RPL3P9
ENSG00000272037.1,2.273943620005177,0.0326189832334346,,1.4865295804812375,,1.3107938558163243,ENSG00000272037,ENSG00000272037,
ENSG00000207651.1,-2.2734127895210805,0.0326557571907595,,1.4860402417774818,,-1.6625086706425227,ENSG00000207651,ENSG00000207651,MIR28
ENSG00000257558.2,-2.273327629640687,0.0326616602703705,,1.485961742810194,,-1.4384705522594985,ENSG00000257558,ENSG00000257558,
ENSG00000196381.10,-2.27291475357749,0.0326902936612646,,1.4855811780768975,,-1.0662027661712756,ENSG00000196381,ENSG00000196381,ZNF781
ENSG00000168263.8,-2.2711817951056776,0.0328107261753541,,1.4839841575914228,,-1.4456658937835976,ENSG00000168263,ENSG00000168263,KCNV2
ENSG00000213363.4,-2.2683163835537363,0.0330107472150203,,1.481344645082371,,-1.5198077878820462,ENSG00000213363,ENSG00000213363,RPS3P6
ENSG00000102048.15,-2.268174559190777,0.0330206761430267,,1.4812140382149854,,-1.1396952118301005,ENSG00000102048,ENSG00000102048,ASB9
ENSG00000233674.2,-2.267847939867319,0.0330435526726618,,1.4809132657346025,,-1.0688118744292527,ENSG00000233674,ENSG00000233674,
ENSG00000237961.4,-2.267789246725417,0.0330476650924358,,1.4808592191826455,,-1.10784964833776,ENSG00000237961,ENSG00000237961,
ENSG00000274515.1,-2.2675958919539885,0.0330612160761421,,1.480681176008222,,-1.0883343780292765,ENSG00000274515,ENSG00000274515,
ENSG00000185390.2,-2.2673919844458856,0.0330755121231977,,1.4804934227094118,,-1.7008220377103065,ENSG00000185390,ENSG00000185390,FGF7P2
ENSG00000121570.12,-2.267038941142745,0.033100277480526,,1.480168365506572,,-1.017368754548149,ENSG00000121570,ENSG00000121570,DPPA4
ENSG00000230318.2,-2.266648010361287,0.03312772030812,,1.4798084491668968,,-1.1219781935265891,ENSG00000230318,ENSG00000230318,XRCC6P3
ENSG00000180035.11,-2.266614656330869,0.033130062677748,,1.4797777424888718,,-1.4464339355837526,ENSG00000180035,ENSG00000180035,ZNF48
ENSG00000225236.1,-2.266497176735513,0.0331383141771424,,1.4796695889217244,,-1.4092868544143011,ENSG00000225236,ENSG00000225236,
ENSG00000176472.10,-2.2659123362245905,0.033179419940864,,1.479131210797613,,-1.0695059079236595,ENSG00000176472,ENSG00000176472,ZNF575
ENSG00000214369.2,-2.264841166721573,0.03325482814112,,1.4781452922308551,,-1.0605253532661514,ENSG00000214369,ENSG00000214369,CYB5AP2
ENSG00000233010.1,-2.264751013190065,0.0332611818949595,,1.4780623227250544,,-1.2501910653984158,ENSG00000233010,ENSG00000233010,RPEP4
ENSG00000233007.1,-2.264700006590462,0.0332647771793014,,1.4780153812852377,,-1.097822681336562,ENSG00000233007,ENSG00000233007,UBTFL11
ENSG00000251557.2,-2.262840432006762,0.0333960945654392,,1.4763043178545792,,-1.3436733053828296,ENSG00000251557,ENSG00000251557,
ENSG00000205667.2,-2.2628132256754405,0.0333980192952459,,1.4762792887169467,,-1.133621959671072,ENSG00000205667,ENSG00000205667,ARSH
ENSG00000269570.2,-2.262610935057777,0.0334123336499368,,1.4760931904529695,,-1.2068674629623897,ENSG00000269570,ENSG00000269570,
ENSG00000261418.1,-2.262436254536488,0.0334246987772694,,1.475932497901705,,-1.2658750906712777,ENSG00000261418,ENSG00000261418,HERC2P6
ENSG00000204398.5,-2.262323280551745,0.0334326980992935,,1.475828573381968,,-1.028682422760659,ENSG00000204398,ENSG00000204398,
ENSG00000183801.7,-2.2616570776620653,0.0334799052700905,,1.475215779494045,,-1.162160956078046,ENSG00000183801,ENSG00000183801,OLFML1
ENSG00000258763.5,-2.261094590762175,0.0335198104225136,,1.474698446267568,,-1.563648604087274,ENSG00000258763,ENSG00000258763,LOC124902940
ENSG00000249563.1,-2.2598417514057294,0.0336088479116091,,1.4735463745940889,,-1.389597871857325,ENSG00000249563,ENSG00000249563,EVA1CP1
ENSG00000134443.9,-2.2592497373199785,0.0336509964526002,,1.4730020711886374,,-1.7354520008991856,ENSG00000134443,ENSG00000134443,GRP
ENSG00000164500.6,-2.2587498192518445,0.0336866257121847,,1.4725424888102177,,-1.014609610353788,ENSG00000164500,ENSG00000164500,SPMIP7
ENSG00000227264.3,-2.258593949363961,0.0336977416186025,,1.4723992040379874,,-1.439832292652837,ENSG00000227264,ENSG00000227264,ACTR3BP5
ENSG00000128040.10,-2.258117468578626,0.0337317427155449,,1.471961220856651,,-1.6489274997844543,ENSG00000128040,ENSG00000128040,SPINK2
ENSG00000258603.3,-2.257410554188833,0.0337822448794635,,1.4713114943040928,,-1.5734403340476903,ENSG00000258603,ENSG00000258603,
ENSG00000171819.4,-2.2570091153894887,0.0338109544436776,,1.470942569436187,,-1.3063553075830203,ENSG00000171819,ENSG00000171819,ANGPTL7
ENSG00000189366.9,-2.2564332048550297,0.0338521804704428,,1.470413352509624,,-1.040539454057341,ENSG00000189366,ENSG00000189366,ALG1L1P
ENSG00000186354.10,-2.2560734923908994,0.0338779533891281,,1.4700828338388354,,-1.0830379767288945,ENSG00000186354,ENSG00000186354,
ENSG00000225671.2,-2.2557179979112774,0.0339034416581826,,1.4697562127913444,,-1.1054608008440638,ENSG00000225671,ENSG00000225671,FCF1P6
ENSG00000180483.6,-2.255338037252885,0.0339307034202513,,1.4694071368663175,,-1.0894528570907605,ENSG00000180483,ENSG00000180483,DEFB119
ENSG00000253893.2,-2.254013209976154,0.0340259146169505,,1.4681901921273874,,-1.4540622553283398,ENSG00000253893,ENSG00000253893,FAM85B
ENSG00000213390.10,-2.253293247603866,0.0340777580698102,,1.4675289846194617,,-1.2519753285694943,ENSG00000213390,ENSG00000213390,ARHGAP19
ENSG00000261711.6,-2.2532929173689302,0.0340777818660522,,1.4675286813549988,,-1.3284126155447014,ENSG00000261711,ENSG00000261711,FRG2DP
ENSG00000275976.4,-2.252672874186247,0.0341224879649947,,1.4669593107379275,,-1.8932873269437125,ENSG00000275976,ENSG00000275976,SPDYE11
ENSG00000241281.1,-2.252240603473178,0.0341536869660984,,1.466562406401181,,-1.389657080236114,ENSG00000241281,ENSG00000241281,RPL31P26
ENSG00000230497.2,-2.252102325516744,0.0341636726170472,,1.4664354485338793,,-1.163577937082009,ENSG00000230497,ENSG00000230497,EEF1B2P8
ENSG00000250215.1,-2.2518089058743644,0.0341848705301168,,1.4661660605836686,,-1.114746511671366,ENSG00000250215,ENSG00000250215,CIR1P2
ENSG00000119608.12,-2.2505616086517657,0.0342751144684856,,1.465021086124193,,-1.117626561871008,ENSG00000119608,ENSG00000119608,PROX2
ENSG00000197540.7,-2.2503079296910045,0.0342934950724915,,1.4647882508621557,,-1.495132151270862,ENSG00000197540,ENSG00000197540,GZMM
ENSG00000170369.3,-2.2496974598375523,0.0343377641708592,,1.4642279863990448,,-1.3868725438691,ENSG00000170369,ENSG00000170369,CST2
ENSG00000182707.4,-2.249285926450067,0.0343676364619507,,1.46385033422379,,-1.6560773380378782,ENSG00000182707,ENSG00000182707,FXYD6P3
ENSG00000233316.3,-2.249262343193771,0.0343693490345884,,1.4638286934479776,,-1.018752285471666,ENSG00000233316,ENSG00000233316,DSCR10
ENSG00000242661.1,-2.2490647652692943,0.0343836998323164,,1.4636473932014469,,-1.622221221430196,ENSG00000242661,ENSG00000242661,RPS3AP43
ENSG00000182601.6,-2.2471055562568605,0.0345262998156033,,1.461849962506958,,-1.5645489315466683,ENSG00000182601,ENSG00000182601,HS3ST4
ENSG00000126062.3,-2.2466959075950697,0.0345561838453838,,1.4614742241329892,,-1.3762734327839814,ENSG00000126062,ENSG00000126062,TMEM115
ENSG00000254749.1,-2.245454483698537,0.034646890053685,,1.460335742095147,,-1.090697816096057,ENSG00000254749,ENSG00000254749,OR5BD1P
ENSG00000128218.7,-2.2449904680832056,0.0346808495445481,,1.4599102725571182,,-1.4627977340490383,ENSG00000128218,ENSG00000128218,VPREB3
ENSG00000137441.7,-2.2449472226849383,0.0346840160491782,,1.459870621489479,,-1.5367211319745842,ENSG00000137441,ENSG00000137441,FGFBP2
ENSG00000270166.1,-2.243995465231987,0.0347537720706506,,1.4589980514893033,,-1.403317154139652,ENSG00000270166,ENSG00000270166,
ENSG00000189269.12,-2.2415968951335365,0.0349301342711505,,1.4567997449347074,,-1.1336706747206764,ENSG00000189269,ENSG00000189269,DRICH1
ENSG00000161849.3,-2.241216658051802,0.0349581670247698,,1.4564513469729146,,-1.2279468821757713,ENSG00000161849,ENSG00000161849,KRT84
ENSG00000179073.6,-2.2409301401510424,0.0349793039084879,,1.4561888372733098,,-1.6483674678747002,ENSG00000179073,ENSG00000179073,TAAR3P
ENSG00000222038.3,-2.240878130840802,0.0349831419651164,,1.4561411875150478,,-1.0941977238974905,ENSG00000222038,ENSG00000222038,POTEJ
ENSG00000242692.1,-2.2404356185469942,0.0350158129126052,,1.4557357867981937,,-1.2684575694250144,ENSG00000242692,ENSG00000242692,RPS27AP1
ENSG00000174912.7,-2.2393920150812616,0.0350929727331704,,1.4547798410485342,,-1.1740287267524676,ENSG00000174912,ENSG00000174912,METTL15P1
ENSG00000228339.1,-2.2387528416727376,0.0351403069724469,,1.45419444899162,,-1.394626377815882,ENSG00000228339,ENSG00000228339,AMD1P1
ENSG00000227890.1,-2.238304159376541,0.0351735690013101,,1.4537835623360449,,-1.3352836908253527,ENSG00000227890,ENSG00000227890,PSMA2P3
ENSG00000217372.2,-2.2377600604670898,0.0352139429393498,,1.4532853438327078,,-1.447555333695341,ENSG00000217372,ENSG00000217372,TUBB4BP7
ENSG00000262106.1,-2.2370251179066347,0.0352685450267125,,1.4526124564057696,,-1.792293294431976,ENSG00000262106,ENSG00000262106,OR1D3P
ENSG00000169193.11,-2.2361250432527013,0.0353355203861731,,1.4517885084477644,,-1.2379104643420034,ENSG00000169193,ENSG00000169193,CCDC126
ENSG00000197125.2,-2.234550620536722,0.0354529527471677,,1.450347588170666,,-1.913745105342095,ENSG00000197125,ENSG00000197125,OR8B8
ENSG00000282968.1,-2.2343901856656183,0.035464939094733,,1.4502007816449742,,-1.0779724308736898,ENSG00000282968,ENSG00000282968,AGGF1P10
ENSG00000255282.6,-2.234174056746325,0.0354810922596174,,1.450003019194788,,-1.2036756794639594,ENSG00000255282,ENSG00000255282,WTAPP1
ENSG00000158008.9,-2.233798249700641,0.0355091954670509,,1.4496591674105357,,-1.0142501598656646,ENSG00000158008,ENSG00000158008,EXTL1
ENSG00000168000.14,2.232596900875709,0.0355991692752156,,1.448560136392273,,1.1072278668098143,ENSG00000168000,ENSG00000168000,BSCL2
ENSG00000256553.1,-2.2308560718227435,0.0357299146778129,,1.4469680208812223,,-1.4106918865158753,ENSG00000256553,ENSG00000256553,TRAV1-2
ENSG00000118017.3,-2.2305830526996657,0.0357504593954927,,1.446718373117568,,-1.3616277893601794,ENSG00000118017,ENSG00000118017,A4GNT
ENSG00000226339.1,-2.2294794923021453,0.0358336118861609,,1.4457094144637843,,-1.6798877101468517,ENSG00000226339,ENSG00000226339,RPS26P56
ENSG00000170298.15,-2.2281406551826133,0.0359347282605953,,1.444485634941648,,-1.5384033841911204,ENSG00000170298,ENSG00000170298,LGALS9B
ENSG00000187942.11,-2.2277072816988657,0.0359675145245509,,1.444089572344614,,-1.3501680934660023,ENSG00000187942,ENSG00000187942,LDLRAD2
ENSG00000259408.2,-2.227601197597264,0.0359755443086873,,1.4439926264818073,,-1.3414555536977733,ENSG00000259408,ENSG00000259408,
ENSG00000213178.3,-2.227596651482556,0.0359758884524382,,1.4439884720202132,,-1.4283938990331784,ENSG00000213178,ENSG00000213178,RPL22P1
ENSG00000260740.2,-2.22651740129668,0.0360576730696933,,1.4430023032819257,,-1.4801923502667698,ENSG00000260740,ENSG00000260740,
ENSG00000198974.3,-2.226092234999665,0.0360899381461812,,1.4426138622684284,,-1.6902250578397755,ENSG00000198974,ENSG00000198974,MIR30E
ENSG00000257199.2,-2.225189240860609,0.0361585517127439,,1.44178897299092,,-1.6553710822597123,ENSG00000257199,ENSG00000257199,
ENSG00000197110.8,-2.224806937079012,0.0361876365669263,,1.4414397799605967,,-1.7101511738131685,ENSG00000197110,ENSG00000197110,IFNL3
ENSG00000251433.1,-2.224653019148876,0.0361993523130978,,1.4412991998912543,,-1.2872853810106155,ENSG00000251433,ENSG00000251433,CCNHP1
ENSG00000243055.1,-2.2243097598847816,0.0362254925336974,,1.440985701006193,,-1.7181940531457585,ENSG00000243055,ENSG00000243055,GK-AS1
ENSG00000111254.7,-2.22360987817769,0.0362788437477386,,1.4403465629013266,,-1.0654058652446785,ENSG00000111254,ENSG00000111254,AKAP3
ENSG00000282511.1,-2.2232369854781617,0.0363072980807537,,1.440006069244097,,-1.7885040483677024,ENSG00000282511,ENSG00000282511,CLUHP10
ENSG00000228429.1,-2.223153085138067,0.0363137030589581,,1.439929462018792,,-1.1375372085193347,ENSG00000228429,ENSG00000228429,LOC100419458
ENSG00000139330.5,-2.222914079125248,0.0363319544786982,,1.439711238622776,,-1.35031237639401,ENSG00000139330,ENSG00000139330,KERA
ENSG00000229765.2,-2.2218341337411243,0.0364145271812587,,1.4387253247019776,,-1.3644243694271307,ENSG00000229765,ENSG00000229765,RPL21P62
ENSG00000261782.1,-2.22102130711216,0.0364767883307108,,1.4379834069569044,,-1.349422958587014,ENSG00000261782,ENSG00000261782,
ENSG00000266967.6,-2.220722684826317,0.0364996865640858,,1.437710864970167,,-1.0957488063523313,ENSG00000266967,ENSG00000266967,AARSD1
ENSG00000230682.1,-2.21783485957909,0.0367217981310352,,1.4350760611508966,,-1.900788496812736,ENSG00000230682,ENSG00000230682,GRPEL2P3
ENSG00000175544.13,-2.2174553603892164,0.0367510776256514,,1.434729921885571,,-1.413359986148125,ENSG00000175544,ENSG00000175544,CABP4
ENSG00000103222.18,2.2165472172826224,0.0368212296250359,,1.4339017125606524,,1.1369132437956728,ENSG00000103222,ENSG00000103222,ABCC1
ENSG00000254674.1,-2.215940537743277,0.0368681619421832,,1.4333485135537816,,-1.7028418236365184,ENSG00000254674,ENSG00000254674,OR4A42P
ENSG00000250954.5,-2.2154053048300857,0.0369096122677319,,1.4328605170061564,,-1.1925617064532883,ENSG00000250954,ENSG00000250954,LOC101928622
ENSG00000260886.1,-2.214826189814989,0.0369545086110964,,1.4323325682172166,,-1.7964454219766697,ENSG00000260886,ENSG00000260886,TAT-AS1
ENSG00000128294.15,-2.2146197270404238,0.0369705267789028,,1.432144361286758,,-1.2370431681275544,ENSG00000128294,ENSG00000128294,TPST2
ENSG00000106089.11,2.2142949098956537,0.0369957400833456,,1.431848280387216,,1.1326158760463714,ENSG00000106089,ENSG00000106089,STX1A
ENSG00000261195.1,-2.2140714076769314,0.0370130980731481,,1.4316445620337286,,-1.511198311421878,ENSG00000261195,ENSG00000261195,IQCK-AS1
ENSG00000170953.2,-2.214020822721766,0.0370170277089783,,1.4315984559616255,,-1.208562749903321,ENSG00000170953,ENSG00000170953,OR8B12
ENSG00000144583.4,-2.213775275552268,0.0370361081465741,,1.4313746564196403,,-1.3730693117642228,ENSG00000144583,ENSG00000144583,MARCHF4
ENSG00000176533.12,-2.2136738705284817,0.0370439905078365,,1.431282235754016,,-1.1057333793388089,ENSG00000176533,ENSG00000176533,GNG7
ENSG00000227738.1,-2.213433070961578,0.0370627143109842,,1.431062778025321,,-1.4160756016546596,ENSG00000227738,ENSG00000227738,PSMD14P1
ENSG00000283544.1,-2.213181611281655,0.0370822761759028,,1.4308336159435344,,-1.1669262961179931,ENSG00000283544,ENSG00000283544,LOC101930420
ENSG00000218502.3,-2.212866766997303,0.0371067821427341,,1.4305467055339187,,-1.6629121881729791,ENSG00000218502,ENSG00000218502,H2AZP3
ENSG00000182400.14,-2.212826390676402,0.0371099259044122,,1.4305099127850625,,-1.042403655234617,ENSG00000182400,ENSG00000182400,TRAPPC6B
ENSG00000243720.1,-2.2121303516357105,0.0371641585651487,,1.429875695624374,,-1.7766031262233624,ENSG00000243720,ENSG00000243720,RPL21P127
ENSG00000176007.10,-2.212121861485305,0.0371648205283858,,1.4298679600955229,,-1.476763288736609,ENSG00000176007,ENSG00000176007,FAM220BP
ENSG00000234379.1,-2.211390481003717,0.0372218852443204,,1.429201634148007,,-1.1010746831611862,ENSG00000234379,ENSG00000234379,HMGB1P48
ENSG00000235329.2,-2.2113314537056663,0.0372264942133999,,1.4291478613229798,,-1.7881196409937476,ENSG00000235329,ENSG00000235329,
ENSG00000146521.9,-2.211250904821437,0.0372327844661145,,1.429074483710447,,-1.545899635116871,ENSG00000146521,ENSG00000146521,
ENSG00000255087.2,-2.2109751187427387,0.0372543285555974,,1.428823259597673,,-1.5066519401934708,ENSG00000255087,ENSG00000255087,LOC101929473
ENSG00000143543.14,-2.2109291996391662,0.0372579168008735,,1.4287814314359562,,-1.0031730678793005,ENSG00000143543,ENSG00000143543,JTB
ENSG00000258561.1,-2.2106031952784635,0.0372834006952812,,1.428484481622843,,-1.4249491811387238,ENSG00000258561,ENSG00000258561,
ENSG00000244053.1,-2.2097025769081995,0.0373538845992961,,1.4276642272538522,,-1.0317753622420625,ENSG00000244053,ENSG00000244053,RPL13AP2
ENSG00000175745.11,-2.209668174759988,0.0373565793641059,,1.4276328977338533,,-1.068723033558219,ENSG00000175745,ENSG00000175745,NR2F1
ENSG00000230953.2,2.209623143861264,0.0373601069591683,,1.427591889087819,,1.325624025843636,ENSG00000230953,ENSG00000230953,
ENSG00000224905.6,-2.209353252699419,0.0373812558132009,,1.4273461127061915,,-1.321876999417131,ENSG00000224905,ENSG00000224905,LOC105377134
ENSG00000249305.1,-2.2090770899629666,0.0374029073515364,,1.4270946385039367,,-1.5817424456291664,ENSG00000249305,ENSG00000249305,
ENSG00000223896.2,-2.208810804958788,0.0374237952326563,,1.4268521718060512,,-1.3867565757756988,ENSG00000223896,ENSG00000223896,CCNJP2
ENSG00000269839.1,-2.2087661830012344,0.0374272964951299,,1.4268115423659724,,-1.3125862357065012,ENSG00000269839,ENSG00000269839,
ENSG00000212378.1,-2.2086099918030664,0.0374395543795718,,1.4266693290483747,,-1.178670276962627,ENSG00000212378,ENSG00000212378,LOC124900538
ENSG00000228807.1,-2.208382176643175,0.0374574398404728,,1.4264619093193416,,-1.837017030433924,ENSG00000228807,ENSG00000228807,MRPS18CP6
ENSG00000221390.1,-2.2083041498080043,0.0374635674033138,,1.4263908700518997,,-1.3245943172564854,ENSG00000221390,ENSG00000221390,MIR1295A
ENSG00000174514.12,-2.208219155122223,0.0374702431962373,,1.42631348815944,,-1.3606357872700272,ENSG00000174514,ENSG00000174514,SLC60A1
ENSG00000185130.5,2.207610845690177,0.0375180535395118,,1.4257597011825565,,1.418640742262412,ENSG00000185130,ENSG00000185130,H2BC13
ENSG00000214642.1,-2.20691093301222,0.037573131919038,,1.4251226026883983,,-1.3885853880092849,ENSG00000214642,ENSG00000214642,DEFB113
ENSG00000173933.19,-2.206628973997996,0.0375953408911911,,1.4248659729079889,,-1.1954049362312835,ENSG00000173933,ENSG00000173933,RBM4
ENSG00000223611.5,-2.205900340330283,0.0376527880734521,,1.4242028600984835,,-1.5117021081744066,ENSG00000223611,ENSG00000223611,SUPT20HL2
ENSG00000160446.18,2.2057098051514417,0.0376678234344571,,1.4240294739755106,,1.0353632360145093,ENSG00000160446,ENSG00000160446,ZDHHC12
ENSG00000238083.7,-2.2050574889067307,0.0377193397258191,,1.4234359181601357,,-1.3378001037858562,ENSG00000238083,ENSG00000238083,LRRC37A2
ENSG00000251333.3,-2.204706815335715,0.0377470603564532,,1.4231168644502032,,-1.647774620739641,ENSG00000251333,ENSG00000251333,RTN3P1
ENSG00000113722.16,-2.203830920498801,0.0378163802513035,,1.4223200437648895,,-1.2047268898536805,ENSG00000113722,ENSG00000113722,CDX1
ENSG00000232472.1,-2.2031610724815303,0.0378694710800067,,1.4217107605944783,,-1.12640815272227,ENSG00000232472,ENSG00000232472,EEF1B2P3
ENSG00000174156.14,-2.202317543653056,0.0379364236116357,,1.4209436138517393,,-1.398317968902854,ENSG00000174156,ENSG00000174156,GSTA3
ENSG00000237860.1,-2.201178132838536,0.0380270312105754,,1.419907578853287,,-1.4046013133726365,ENSG00000237860,ENSG00000237860,SLC6A14P2
ENSG00000225674.1,-2.200847683779055,0.0380533456620151,,1.4196071539085091,,-1.0372834752136366,ENSG00000225674,ENSG00000225674,IPO7P2
ENSG00000223928.1,-2.200797379356002,0.0380573529708708,,1.419561421780013,,-1.3208202553390962,ENSG00000223928,ENSG00000223928,NUP35P1
ENSG00000233306.2,-2.2007891282092857,0.0380580103033232,,1.4195539206437229,,-1.9084793813188536,ENSG00000233306,ENSG00000233306,TRGV2
ENSG00000236348.1,-2.200612160244275,0.0380721110372846,,1.419393041587906,,-1.2307866360466708,ENSG00000236348,ENSG00000236348,PSMC1P10
ENSG00000274391.4,-2.200400123888465,0.0380890122406294,,1.419200289717798,,-1.3882442618285855,ENSG00000274391,ENSG00000274391,TPTE
ENSG00000162383.11,-2.1998937404560777,0.038129403062602,,1.4187399937991665,,-1.0166944272162113,ENSG00000162383,ENSG00000162383,SLC1A7
ENSG00000203870.5,-2.199064009893947,0.0381956690290963,,1.4179858785385109,,-1.355831015599946,ENSG00000203870,ENSG00000203870,SMIM9
ENSG00000183938.5,-2.1983646316385537,0.0382516055086016,,1.4173503317811276,,-1.418515554888989,ENSG00000183938,ENSG00000183938,TRBV21OR9-2
ENSG00000224172.1,-2.1983139091464503,0.0382556651936333,,1.4173042420750646,,-1.3452039557126427,ENSG00000224172,ENSG00000224172,
ENSG00000197766.7,-2.197368914385936,0.0383313713228173,,1.416445643378594,,-1.335994821888431,ENSG00000197766,ENSG00000197766,CFD
ENSG00000260747.1,-2.196707476760584,0.0383844416283281,,1.4158447726160686,,-1.3831484093837003,ENSG00000260747,ENSG00000260747,
ENSG00000165496.4,-2.195298339053241,0.0384977254937967,,1.4145649285349566,,-1.575000658177026,ENSG00000165496,ENSG00000165496,RPL10L
ENSG00000046774.9,-2.195129155296991,0.038511346912204,,1.4144112919119751,,-1.4561134834375122,ENSG00000046774,ENSG00000046774,MAGEC2
ENSG00000131080.14,-2.1941467699009083,0.0385905275793332,,1.4135192840555275,,-1.094770290619348,ENSG00000131080,ENSG00000131080,EDA2R
ENSG00000270623.1,-2.1939412126738698,0.0386071142174023,,1.4133326595594955,,-1.1792139749235724,ENSG00000270623,ENSG00000270623,SPCS2P2
ENSG00000265750.1,-2.193913766231672,0.0386093293894282,,1.4133077416289976,,-1.0728883254653012,ENSG00000265750,ENSG00000265750,
ENSG00000124159.15,-2.193605245025334,0.038634237715195,,1.413027652316336,,-1.150500038589056,ENSG00000124159,ENSG00000124159,MATN4
ENSG00000198753.11,2.192816224122711,0.0386980051843561,,1.412311421538072,,1.172378687803412,ENSG00000198753,ENSG00000198753,PLXNB3
ENSG00000203279.3,-2.192599856104412,0.0387155083616713,,1.4121150337730657,,-1.4146711786619257,ENSG00000203279,ENSG00000203279,
ENSG00000231802.1,-2.192362229538561,0.0387347395169649,,1.4118993602271428,,-1.240336747975808,ENSG00000231802,ENSG00000231802,DNAJB6P3
ENSG00000254479.1,-2.192061659194498,0.0387590771117308,,1.4116265724379498,,-1.7266633436725374,ENSG00000254479,ENSG00000254479,SLC25A1P1
ENSG00000257494.1,-2.1884325836305734,0.0390540230242636,,1.4083342220364825,,-1.4959219465880895,ENSG00000257494,ENSG00000257494,
ENSG00000169903.6,-2.188287092563641,0.0390658897668519,,1.4082022797267748,,-1.118140197999293,ENSG00000169903,ENSG00000169903,TM4SF4
ENSG00000254935.1,-2.188237793699427,0.0390699114888574,,1.4081575726488869,,-1.0869910742619635,ENSG00000254935,ENSG00000254935,
ENSG00000171049.8,-2.1882355703256158,0.0390700928769457,,1.4081555563744708,,-1.622830092883473,ENSG00000171049,ENSG00000171049,FPR2
ENSG00000158488.15,-2.187798170080787,0.0391057918498476,,1.4077589156949886,,-1.0403729957458887,ENSG00000158488,ENSG00000158488,CD1E
ENSG00000125520.13,2.1875817340878787,0.0391234674623996,,1.407562661219522,,1.052053122785012,ENSG00000125520,ENSG00000125520,SLC2A4RG
ENSG00000213782.7,-2.187365302689444,0.0391411499296985,,1.407366419332424,,-1.4326594939374235,ENSG00000213782,ENSG00000213782,DDX47
ENSG00000120215.9,-2.1871994275170974,0.0391547068436173,,1.4072160233036164,,-1.2545239702045758,ENSG00000120215,ENSG00000120215,MLANA
ENSG00000279208.1,-2.18686671533074,0.0391819120931138,,1.4069143740782477,,-1.239300486270038,ENSG00000279208,ENSG00000279208,
ENSG00000170469.10,-2.1864214664917188,0.0392183460163514,,1.40651072609706,,-1.2777651948496838,ENSG00000170469,ENSG00000170469,SPATA24
ENSG00000254220.1,-2.186347415859854,0.039224408420801,,1.4064435976841518,,-1.4849332805461302,ENSG00000254220,ENSG00000254220,IGKV2D-18
ENSG00000218175.2,-2.1857073500899107,0.039276844915248,,1.4058634060920971,,-1.4578785086844248,ENSG00000218175,ENSG00000218175,
ENSG00000226851.1,-2.1852815826252208,0.0393117604412793,,1.4054775073675418,,-1.046173855451493,ENSG00000226851,ENSG00000226851,ZNF277-AS1
ENSG00000101198.14,-2.1842885492414967,0.039393304388743,,1.4045775881777356,,-1.274576389934181,ENSG00000101198,ENSG00000101198,NKAIN4
ENSG00000178394.4,-2.183410230848852,0.0394655558990051,,1.4037817754844837,,-1.0114544337961686,ENSG00000178394,ENSG00000178394,HTR1A
ENSG00000220184.2,-2.1832806443273203,0.039476225982114,,1.403664373567946,,-1.307053693162722,ENSG00000220184,ENSG00000220184,HMGB3P18
ENSG00000099282.9,-2.183236453345359,0.0394798652400024,,1.403624338414336,,-1.0434436048353797,ENSG00000099282,ENSG00000099282,TSPAN15
ENSG00000204006.8,-2.182365309667151,0.0395516684843421,,1.402835191097813,,-1.1240360116895538,ENSG00000204006,ENSG00000204006,C1orf185
ENSG00000184669.7,-2.1821146223713126,0.0395723530385267,,1.4026081250873967,,-1.5520235297831215,ENSG00000184669,ENSG00000184669,OR7E14P
ENSG00000259962.1,-2.181718308352308,0.0396050734164931,,1.402249177315494,,-1.413748921967552,ENSG00000259962,ENSG00000259962,
ENSG00000243663.1,-2.181563665319382,0.0396178476513705,,1.4021091223997928,,-1.7995790348541238,ENSG00000243663,ENSG00000243663,RPS4XP14
ENSG00000214391.3,-2.179272149125429,0.0398075747910725,,1.4000342802641277,,-1.007366264656828,ENSG00000214391,ENSG00000214391,TUBAP2
ENSG00000102466.15,-2.1791057504735023,0.0398213837901183,,1.3998836523455127,,-1.1312709045633695,ENSG00000102466,ENSG00000102466,FGF14
ENSG00000254253.1,-2.178390580347537,0.0398807832597267,,1.3992363207205432,,-1.210561213250734,ENSG00000254253,ENSG00000254253,NACAP10
ENSG00000237160.2,-2.178348926456037,0.0398842453504671,,1.3991986208179283,,-1.6419015500875818,ENSG00000237160,ENSG00000237160,
ENSG00000241984.2,-2.177890477387737,0.0399223676063401,,1.3987837106742893,,-1.2351075546648802,ENSG00000241984,ENSG00000241984,RPL7AP2
ENSG00000164303.10,-2.177520028761557,0.0399531962628191,,1.3984484713242404,,-1.4011049801446034,ENSG00000164303,ENSG00000164303,ENPP6
ENSG00000243521.2,-2.177379295896664,0.0399649136625087,,1.3983211209134598,,-1.39459326449331,ENSG00000243521,ENSG00000243521,RPL5P33
ENSG00000136514.2,-2.176380116505013,0.0400481945776402,,1.3974170576731728,,-1.4732544379429875,ENSG00000136514,ENSG00000136514,RTP4
ENSG00000235310.1,-2.175596902495794,0.0401135845763916,,1.3967085274427329,,-1.06583474086045,ENSG00000235310,ENSG00000235310,GXYLT1P6
ENSG00000215343.7,-2.1752464120481694,0.0401428780282159,,1.396391494156308,,-1.6613419834763072,ENSG00000215343,ENSG00000215343,ZNF705D
ENSG00000213487.3,-2.175235400072807,0.0401437987053774,,1.3963815337238397,,-1.1682177774281286,ENSG00000213487,ENSG00000213487,ASS1P4
ENSG00000259317.1,-2.1735806156178064,0.0402823672285652,,1.3948850156731654,,-1.0326170036568674,ENSG00000259317,ENSG00000259317,
ENSG00000122711.8,-2.1724716115778,0.0403754749034845,,1.3938823563822076,,-1.6809334418404556,ENSG00000122711,ENSG00000122711,SPINK4
ENSG00000081041.8,-2.172427125093588,0.0403792138697431,,1.3938421404532018,,-1.3347005562774426,ENSG00000081041,ENSG00000081041,CXCL2
ENSG00000278572.1,-2.1723186352568025,0.0403883334531311,,1.393744066786469,,-1.1016690013478818,ENSG00000278572,ENSG00000278572,
ENSG00000151468.10,-2.172068302890702,0.0404093833271147,,1.3935177771167362,,-1.0465998313548424,ENSG00000151468,ENSG00000151468,CCDC3
ENSG00000225072.1,-2.1720435247458814,0.040411467403511,,1.3934953793599498,,-1.597338811386676,ENSG00000225072,ENSG00000225072,OR7E116P
ENSG00000280308.1,-2.1718304562603725,0.0404293924876232,,1.3933027845445147,,-1.1842345482234942,ENSG00000280308,ENSG00000280308,
ENSG00000259490.2,-2.171744893450445,0.0404365927607601,,1.3932254457502076,,-1.665373478199397,ENSG00000259490,ENSG00000259490,IGHV3OR15-7
ENSG00000214823.3,-2.171228604461616,0.040480064054937,,1.392758808947811,,-1.6624040105783713,ENSG00000214823,ENSG00000214823,NXT1P1
ENSG00000271680.1,-2.171022314315658,0.0404974453929984,,1.3925723715190583,,-1.185146701396346,ENSG00000271680,ENSG00000271680,
ENSG00000250490.1,-2.1708111868994235,0.040515241285466,,1.3923815703411098,,-1.415238042707655,ENSG00000250490,ENSG00000250490,LINC02145
ENSG00000139610.1,-2.170392023141292,0.0405505934636135,,1.3920027854457588,,-1.1203747140599976,ENSG00000139610,ENSG00000139610,CELA1
ENSG00000256450.1,-2.169921978032479,0.0405902701096263,,1.391578058642559,,-1.196272846317303,ENSG00000256450,ENSG00000256450,
ENSG00000226774.1,-2.169022177740921,0.0406663203566592,,1.3907651224342332,,-1.7554809008116006,ENSG00000226774,ENSG00000226774,HIKESHIP1
ENSG00000170777.10,-2.1688445541938552,0.0406813481296592,,1.3906046635277924,,-1.3255707095488247,ENSG00000170777,ENSG00000170777,TPD52L3
ENSG00000258417.3,-2.168319104311409,0.04072583299107,,1.3901300240304917,,-1.4412801994255044,ENSG00000258417,ENSG00000258417,
ENSG00000163915.7,-2.1668583077060424,0.0408497357512621,,1.3888107484862755,,-1.0815998364938912,ENSG00000163915,ENSG00000163915,IGF2BP2-AS1
ENSG00000276180.1,2.164904416048095,0.0410159943339957,,1.3870467555616732,,1.726733733638712,ENSG00000276180,ENSG00000276180,H4C9
ENSG00000211813.2,-2.164541837436987,0.0410469136347716,,1.386719492424671,,-1.312731931719963,ENSG00000211813,ENSG00000211813,TRAV34
ENSG00000263765.5,-2.164540265446637,0.041047047733831,,1.386718073599691,,-1.557469279679783,ENSG00000263765,ENSG00000263765,LOC105372058
ENSG00000203664.6,-2.163731989830534,0.0411160503134801,,1.3859886111685928,,-1.2205358244831244,ENSG00000203664,ENSG00000203664,OR2W5P
ENSG00000256737.1,-2.162944481410816,0.0411833807002734,,1.385278005478799,,-1.6625845590714794,ENSG00000256737,ENSG00000256737,RBBP4P5
ENSG00000233741.1,2.1621849784934595,0.0412484109443177,,1.3845927775724116,,1.149587194458011,ENSG00000233741,ENSG00000233741,RPL27P7
ENSG00000256157.1,-2.161204170457574,0.0413325269331056,,1.3837080425877195,,-1.3587658996296677,ENSG00000256157,ENSG00000256157,
ENSG00000221826.9,-2.1601021903422737,0.0414272195427382,,1.382714214125505,,-1.0876299412035886,ENSG00000221826,ENSG00000221826,PSG3
ENSG00000263846.1,-2.1600411986112724,0.0414324662457159,,1.3826592147821506,,-1.4267576038755805,ENSG00000263846,ENSG00000263846,CIAPIN1P
ENSG00000244113.1,-2.159576670790987,0.0414724460888306,,1.382240348731658,,-1.3466594857864864,ENSG00000244113,ENSG00000244113,RPL9P20
ENSG00000231726.2,-2.1591671549447056,0.0415077201661491,,1.3818711198243716,,-1.4813306200779914,ENSG00000231726,ENSG00000231726,HMGN2P38
ENSG00000215906.8,-2.1591254333202934,0.0415113154212781,,1.3818335043677836,,-1.6542752969734107,ENSG00000215906,ENSG00000215906,LACTBL1
ENSG00000165125.18,-2.158858654217701,0.0415343110774773,,1.3815929887073843,,-1.336441351921711,ENSG00000165125,ENSG00000165125,TRPV6
ENSG00000274319.1,-2.1564612830281944,0.0417414744856061,,1.3794322138797612,,-1.4247484854015189,ENSG00000274319,ENSG00000274319,RPSAP73
ENSG00000237064.1,-2.156444465945749,0.0417429309824236,,1.3794170601866316,,-1.5157296030362482,ENSG00000237064,ENSG00000237064,EIF3IP1
ENSG00000260001.6,2.154512777157911,0.0419105364154198,,1.3776767805699732,,1.2118450354969146,ENSG00000260001,ENSG00000260001,TGFBR3L
ENSG00000160808.9,-2.154233165739266,0.0419348474813257,,1.3774249321896028,,-1.127456335310105,ENSG00000160808,ENSG00000160808,MYL3
ENSG00000242366.3,-2.154207855790402,0.0419370487051972,,1.3774021360105595,,-1.077745982520269,ENSG00000242366,ENSG00000242366,UGT1A8
ENSG00000250517.2,-2.1540813969228245,0.0419480484821443,,1.3772882387244425,,-1.115540864355712,ENSG00000250517,ENSG00000250517,LDHAL6CP
ENSG00000241002.1,-2.1537606340143864,0.041975961087464,,1.376999351408999,,-1.26777301299759,ENSG00000241002,ENSG00000241002,RPL32P13
ENSG00000230665.3,-2.153408895146818,0.0420065884574165,,1.3766825880235742,,-1.0365345586681076,ENSG00000230665,ENSG00000230665,THAP12P1
ENSG00000197437.3,-2.1530229410967348,0.0420402182740958,,1.3763350377677424,,-1.3899658866244686,ENSG00000197437,ENSG00000197437,OR13G1
ENSG00000242058.2,-2.152975888172036,0.0420443198554173,,1.3762926686431434,,-1.4399631783733284,ENSG00000242058,ENSG00000242058,RPS4XP19
ENSG00000230630.3,-2.152156433730098,0.0421158092048814,,1.3755548504434505,,-1.2470672393366464,ENSG00000230630,ENSG00000230630,DNM3OS
ENSG00000258552.1,-2.1509585134335087,0.0422205132221978,,1.37447649181913,,-1.2972797286845377,ENSG00000258552,ENSG00000258552,FAM204DP
ENSG00000155016.17,-2.1509341210964905,0.0422226476662186,,1.3744545367608243,,-1.1219701369715955,ENSG00000155016,ENSG00000155016,CYP2U1
ENSG00000216990.2,-2.1507680296067786,0.0422371840382223,,1.374305044011833,,-1.085800866855492,ENSG00000216990,ENSG00000216990,HSPD1P10
ENSG00000143119.12,-2.1500459657961626,0.0423004317175119,,1.373655200199984,,-1.1532169628460522,ENSG00000143119,ENSG00000143119,CD53
ENSG00000214047.4,-2.149615801801597,0.0423381516113451,,1.3732681062248724,,-1.2827273324223822,ENSG00000214047,ENSG00000214047,RPS11P7
ENSG00000268988.1,-2.148922258813921,0.0423990303384252,,1.372644075564972,,-1.254532692838095,ENSG00000268988,ENSG00000268988,SPANXN2
ENSG00000213448.3,-2.1487784119241127,0.0424116669957979,,1.3725146572066798,,-1.4535831059072282,ENSG00000213448,ENSG00000213448,RPS23P2
ENSG00000258726.1,-2.1486466735989405,0.0424232429184972,,1.3723961362018833,,-1.4095458222046555,ENSG00000258726,ENSG00000258726,DUXAP6
ENSG00000111536.4,-2.147633435312743,0.0425123719828102,,1.371484662844998,,-1.0732015887766002,ENSG00000111536,ENSG00000111536,IL26
ENSG00000204978.2,-2.147487906019565,0.0425251872555263,,1.371353765337669,,-1.0779374656347094,ENSG00000204978,ENSG00000204978,ERICH4
ENSG00000154342.5,2.147394735811098,0.0425333936284798,,1.371269964680188,,1.6161779564504646,ENSG00000154342,ENSG00000154342,WNT3A
ENSG00000235420.7,-2.1468770050426493,0.0425790210335675,,1.370804327975365,,-1.144173225541318,ENSG00000235420,ENSG00000235420,RPL29P30
ENSG00000251587.1,-2.1466805650438423,0.0425963447524995,,1.3706276666702444,,-1.2711594982568812,ENSG00000251587,ENSG00000251587,LDHAP1
ENSG00000256249.1,-2.146270595179849,0.0426325197803385,,1.3702589977690982,,-1.5018426249275938,ENSG00000256249,ENSG00000256249,
ENSG00000260545.1,-2.1462433792651945,0.0426349222449893,,1.3702345247201524,,-1.419495144728168,ENSG00000260545,ENSG00000260545,
ENSG00000269385.1,-2.146164030677667,0.0426419273790166,,1.370163173794941,,-1.5635867251011564,ENSG00000269385,ENSG00000269385,
ENSG00000200706.1,-2.14609309917961,0.0426481903048381,,1.3700993925690823,,-1.2688428713086557,ENSG00000200706,ENSG00000200706,LOC124901525
ENSG00000178660.6,-2.1457790127480467,0.04267593265844,,1.369816978848544,,-1.6742486602581317,ENSG00000178660,ENSG00000178660,ARMC10P1
ENSG00000232346.1,-2.145332736971586,0.0427153788858447,,1.3694157370874676,,-1.289176774266042,ENSG00000232346,ENSG00000232346,RPS17P16
ENSG00000227887.1,-2.144614454215768,0.0427789367530605,,1.368770013780786,,-1.6523151924089556,ENSG00000227887,ENSG00000227887,RPS26P13
ENSG00000242110.7,-2.1440364121824245,0.042830147163336,,1.3682504333756702,,-1.0982785610212686,ENSG00000242110,ENSG00000242110,AMACR
ENSG00000225803.1,-2.141446574686236,0.0430602670368888,,1.3659232812406394,,-1.4530923739516677,ENSG00000225803,ENSG00000225803,MRPS11P1
ENSG00000130612.14,-2.1412779484249143,0.043075288860555,,1.3657718015148856,,-1.4928247961948653,ENSG00000130612,ENSG00000130612,CYP2G1P
ENSG00000229119.3,-2.1412734182861506,0.0430756924864326,,1.3657677320895896,,-1.7724031460613534,ENSG00000229119,ENSG00000229119,RPLP0P9
ENSG00000115008.5,-2.1409785894968434,0.0431019684403339,,1.3655028954250297,,-1.3134631686630158,ENSG00000115008,ENSG00000115008,IL1A
ENSG00000231259.4,-2.140509422270002,0.0431438116810259,,1.365081488373282,,-1.4317911291160952,ENSG00000231259,ENSG00000231259,ANAPC1P2
ENSG00000249301.1,-2.1404360983399364,0.0431503544680488,,1.365015632326864,,-1.6368752145405323,ENSG00000249301,ENSG00000249301,
ENSG00000165197.4,-2.1401684229589395,0.0431742470669588,,1.3647752275304237,,-1.4209246401976885,ENSG00000165197,ENSG00000165197,VEGFD
ENSG00000241853.1,-2.139216612334209,0.0432593018404367,,1.3639204938958305,,-1.2474199542052895,ENSG00000241853,ENSG00000241853,RPL31P24
ENSG00000271237.1,-2.1390967514679446,0.0432700234205698,,1.3638128697326026,,-1.4117412789143284,ENSG00000271237,ENSG00000271237,HMGB1P50
ENSG00000198798.5,-2.1378011420361944,0.0433860687718829,,1.3626496996754909,,-1.3311577932440797,ENSG00000198798,ENSG00000198798,MAGEB3
ENSG00000250654.7,-2.137378421429157,0.0434239916612704,,1.3622702574181231,,-1.3102079559362498,ENSG00000250654,ENSG00000250654,
ENSG00000226652.3,-2.137185218227107,0.0434413341404202,,1.3620968454605238,,-1.1097911312337652,ENSG00000226652,ENSG00000226652,PSMD10P2
ENSG00000152128.13,-2.1360173248677614,0.0435463004662749,,1.3610487351529792,,-1.0201201104675492,ENSG00000152128,ENSG00000152128,TMEM163
ENSG00000235207.1,-2.135641922936616,0.0435800887854298,,1.3607118893035546,,-1.5255146379636737,ENSG00000235207,ENSG00000235207,TUBBP6
ENSG00000236472.1,2.13497530777766,0.0436401461230346,,1.3601138039058456,,1.097627175731275,ENSG00000236472,ENSG00000236472,
ENSG00000174015.9,-2.134675720709923,0.0436671610654475,,1.359845041962061,,-1.1434790694553654,ENSG00000174015,ENSG00000174015,CBY2
ENSG00000176054.6,-2.133970508487688,0.0437308122468563,,1.3592124560863887,,-1.4121234646936665,ENSG00000176054,ENSG00000176054,RPL23P2
ENSG00000264859.5,-2.1331395494973457,0.0438059202579171,,1.3584671917425708,,-1.554251525273452,ENSG00000264859,ENSG00000264859,DSG2-AS1
ENSG00000237125.8,-2.132791703598603,0.0438373955095418,,1.3581552562899903,,-1.2359450422007197,ENSG00000237125,ENSG00000237125,HAND2-AS1
ENSG00000255351.1,-2.1322387966691583,0.0438874678379447,,1.3576594757905232,,-1.1813238315859194,ENSG00000255351,ENSG00000255351,
ENSG00000188771.4,-2.131929837906311,0.0439154701534017,,1.3573824633858351,,-1.3617842280195072,ENSG00000188771,ENSG00000188771,PLET1
ENSG00000248286.1,-2.1309198516080228,0.0440071219405596,,1.3564770333049287,,-1.3257988006846495,ENSG00000248286,ENSG00000248286,
ENSG00000238151.1,-2.1308260347385164,0.0440156441354619,,1.3563929381918944,,-1.2387476293419544,ENSG00000238151,ENSG00000238151,MLLT10P1
ENSG00000258080.1,-2.1306616332615635,0.0440305817194189,,1.3562455767284196,,-1.252931523924829,ENSG00000258080,ENSG00000258080,ARHGAP42P4
ENSG00000273369.1,-2.1305319201195485,0.0440423707260103,,1.3561293117367692,,-1.270783064932416,ENSG00000273369,ENSG00000273369,
ENSG00000236312.3,-2.1300444871647,0.0440866965631929,,1.3556924418433378,,-1.3518315863035546,ENSG00000236312,ENSG00000236312,RPL34P34
ENSG00000235631.1,-2.129704938370152,0.0441175979253329,,1.3553881416573303,,-1.2870096156760054,ENSG00000235631,ENSG00000235631,RNF148
ENSG00000227203.3,-2.129656939628977,0.0441219677246066,,1.355345127399516,,-1.1675866570790792,ENSG00000227203,ENSG00000227203,SUB1P1
ENSG00000135736.5,-2.1294097275192865,0.0441444800508566,,1.3551235940870603,,-1.2089375739436403,ENSG00000135736,ENSG00000135736,CCDC102A
ENSG00000176857.5,-2.1282023563471038,0.0442545776174432,,1.3540417999678982,,-1.1432364281101024,ENSG00000176857,ENSG00000176857,GJA1P1
ENSG00000203819.6,2.127749641739103,0.0442959233060699,,1.3536362414326282,,1.013034859583639,ENSG00000203819,ENSG00000203819,
ENSG00000235064.1,-2.127530811969719,0.0443159211253472,,1.3534402192695558,,-1.373351257159112,ENSG00000235064,ENSG00000235064,SLC25A5P2
ENSG00000170509.11,-2.127328102329437,0.0443344530461947,,1.3532586450538664,,-1.0682133158391636,ENSG00000170509,ENSG00000170509,HSD17B13
ENSG00000235808.1,-2.126891276881865,0.0443744117651876,,1.3528673909808229,,-1.0012412543106637,ENSG00000235808,ENSG00000235808,MYL6P2
ENSG00000181214.7,-2.1267847042099994,0.0443841654409618,,1.3527719417810409,,-1.584843358558255,ENSG00000181214,ENSG00000181214,OR8G2P
ENSG00000268892.1,-2.126678354329987,0.0443939006484176,,1.3526766942253905,,-1.553365501420422,ENSG00000268892,ENSG00000268892,
ENSG00000267418.1,2.126647478851356,0.044396727331794,,1.3526490423657116,,1.268960296081748,ENSG00000267418,ENSG00000267418,ELOCP29
ENSG00000248544.2,-2.126278412912036,0.0444305282491984,,1.3523185232581574,,-1.2155015156883986,ENSG00000248544,ENSG00000248544,
ENSG00000213903.8,2.12601834723862,0.0444543602699405,,1.3520856351818749,,1.4068296079653824,ENSG00000213903,ENSG00000213903,LTB4R
ENSG00000207994.1,-2.125662207361695,0.0444870150326126,,1.3517667333473722,,-1.671705170729933,ENSG00000207994,ENSG00000207994,MIR100
ENSG00000178591.6,-2.1251684685905814,0.0445323220312137,,1.3513246590333627,,-1.3821168887733577,ENSG00000178591,ENSG00000178591,DEFB125
ENSG00000186645.7,-2.124514824914533,0.0445923662159529,,1.3507394819615373,,-1.4696569637781929,ENSG00000186645,ENSG00000186645,SPDYE17
ENSG00000139988.9,-2.123079512460793,0.0447244705328189,,1.34945479209175,,-1.0861369631963325,ENSG00000139988,ENSG00000139988,RDH12
ENSG00000234469.4,-2.122964302241096,0.0447350895713704,,1.349351688748467,,-1.7486484789808503,ENSG00000234469,ENSG00000234469,CLDN34
ENSG00000254544.1,-2.1226801651386538,0.0447612884538905,,1.349097420795136,,-1.5344576268289931,ENSG00000254544,ENSG00000254544,PCNAP4
ENSG00000218107.1,-2.122608391395504,0.0447679085387572,,1.349033194454921,,-1.0704919803502555,ENSG00000218107,ENSG00000218107,EXOSC8P1
ENSG00000112218.8,-2.12113612587145,0.0449038979587174,,1.3477159576941449,,-1.3155167860430246,ENSG00000112218,ENSG00000112218,GPR63
ENSG00000124222.22,-2.12030856161906,0.044980500852829,,1.346975713053146,,-1.0707328954055466,ENSG00000124222,ENSG00000124222,STX16
ENSG00000163586.9,-2.119208387009956,0.0450825195583938,,1.3459918202273131,,-1.207255836165205,ENSG00000163586,ENSG00000163586,FABP1
ENSG00000150276.8,-2.118760717150433,0.0451240912658204,,1.345591531063318,,-1.3651612432475415,ENSG00000150276,ENSG00000150276,PPIAP26
ENSG00000241103.1,-2.118488200813573,0.0451494146553373,,1.345347875773618,,-1.1153622829090746,ENSG00000241103,ENSG00000241103,RPL35AP11
ENSG00000053328.8,-2.118370667823366,0.0451603402665088,,1.3452427944859886,,-1.3913245100627598,ENSG00000053328,ENSG00000053328,METTL24
ENSG00000183783.6,-2.117652702654061,0.0452271323370197,,1.344600948174722,,-1.277469823926651,ENSG00000183783,ENSG00000183783,KCTD8
ENSG00000253903.2,-2.117542098517112,0.0452374296899832,,1.3445020788829385,,-1.196403777717948,ENSG00000253903,ENSG00000253903,
ENSG00000218180.2,-2.116883325833532,0.0452988057133654,,1.3439132478532267,,-1.682296909732179,ENSG00000218180,ENSG00000218180,SLC25A5P7
ENSG00000101197.12,-2.116441505221694,0.0453400108122457,,1.343518380643156,,-1.4101937017666737,ENSG00000101197,ENSG00000101197,BIRC7
ENSG00000154813.9,-2.116404087998558,0.0453435019653801,,1.3434849415207382,,-1.1524065807279005,ENSG00000154813,ENSG00000154813,DPH3
ENSG00000257279.1,-2.1156375631499573,0.0454150744813796,,1.3427999692257773,,-1.2979554717990611,ENSG00000257279,ENSG00000257279,LOC100506551
ENSG00000119698.11,2.11558563742197,0.0454199265961186,,1.3427535719860848,,1.3739672114120287,ENSG00000119698,ENSG00000119698,PPP4R4
ENSG00000253866.1,-2.1152062243113643,0.0454553943668403,,1.3424145699835894,,-1.4422173920593817,ENSG00000253866,ENSG00000253866,TMEM97P2
ENSG00000272636.3,-2.114454490235889,0.0455257404069188,,1.3417429823364595,,-1.6378333243201697,ENSG00000272636,ENSG00000272636,DOC2B
ENSG00000261356.2,-2.114429029900887,0.0455281246541182,,1.3417202383178126,,-1.5493683767506372,ENSG00000261356,ENSG00000261356,
ENSG00000179141.9,-2.114040410523058,0.0455645310529988,,1.3413730950962457,,-1.3480667012487446,ENSG00000179141,ENSG00000179141,MTUS2-AS1
ENSG00000100027.14,-2.114024988219563,0.0455659763748455,,1.341359319351539,,-1.404097705412282,ENSG00000100027,ENSG00000100027,YPEL1
ENSG00000266786.1,-2.113954579163357,0.0455725753770004,,1.3412964280685007,,-1.617901588769572,ENSG00000266786,ENSG00000266786,LGALS9DP
ENSG00000237939.1,-2.113940489585936,0.0455738960083576,,1.3412838429864375,,-1.2600451360250646,ENSG00000237939,ENSG00000237939,IDI1P1
ENSG00000249206.2,-2.1136862786828217,0.0455977293763712,,1.3410567832975138,,-1.3871413042487426,ENSG00000249206,ENSG00000249206,GCNT1P2
ENSG00000169551.12,-2.1129739932818725,0.0456645688310025,,1.3404206386445714,,-1.3479493576222252,ENSG00000169551,ENSG00000169551,CT55
ENSG00000108433.15,-2.1116192552622417,0.0457919376033496,,1.3392109796948508,,-1.1175783092864238,ENSG00000108433,ENSG00000108433,GOSR2
ENSG00000237110.2,-2.111455228078959,0.045807380619133,,1.3390645415611968,,-1.4778601839737378,ENSG00000237110,ENSG00000237110,TAAR9
ENSG00000240919.1,-2.111347225401264,0.0458175515295033,,1.3389681230392003,,-1.4302900324116647,ENSG00000240919,ENSG00000240919,RPL21P79
ENSG00000266938.1,-2.111156874165716,0.0458354823666525,,1.3387981938312272,,-1.502202186788187,ENSG00000266938,ENSG00000266938,LOC100419704
ENSG00000220960.1,-2.110295585885341,0.0459166933599958,,1.3380293947218904,,-1.362446552615995,ENSG00000220960,ENSG00000220960,
ENSG00000256803.1,-2.1100774205725035,0.0459372846902757,,1.3378346791209934,,-1.5410770040650528,ENSG00000256803,ENSG00000256803,
ENSG00000204345.1,-2.1098491704033755,0.0459588367426708,,1.337630972208132,,-1.1536530448960665,ENSG00000204345,ENSG00000204345,CD300LD
ENSG00000128298.16,2.108292268975663,0.0461060862062647,,1.336241742043509,,1.0352359523021375,ENSG00000128298,ENSG00000128298,BAIAP2L2
ENSG00000130700.6,-2.108031506013357,0.0461307901426226,,1.3360091065961102,,-1.377923114617883,ENSG00000130700,ENSG00000130700,GATA5
ENSG00000040608.13,-2.107990121281078,0.0461347119057226,,1.3359721870533372,,-1.1484799735088678,ENSG00000040608,ENSG00000040608,RTN4R
ENSG00000259917.1,-2.107880386464636,0.0461451122123049,,1.3358742935902517,,-1.1148651307988382,ENSG00000259917,ENSG00000259917,HNRNPLP2
ENSG00000231326.6,-2.107232102676773,0.0462065973709484,,1.3352960115165646,,-1.1998650820023662,ENSG00000231326,ENSG00000231326,LINC02662
ENSG00000223703.1,-2.1063514365301628,0.0462902401291108,,1.3345105663228864,,-1.4075939837167617,ENSG00000223703,ENSG00000223703,IGSF3P2
ENSG00000244196.1,-2.106049081912351,0.0463189880842486,,1.334240937066186,,-1.3802403094553508,ENSG00000244196,ENSG00000244196,PPIAP15
ENSG00000147119.3,-2.105677505549914,0.0463543396002957,,1.3339096018379288,,-1.1276938857944028,ENSG00000147119,ENSG00000147119,CHST7
ENSG00000215771.2,-2.105454713251667,0.046375547511155,,1.3337109500524815,,-1.7962214699988075,ENSG00000215771,ENSG00000215771,LRRC37A14P
ENSG00000259224.2,-2.1053609900919747,0.0463844717510604,,1.3336273849952758,,-1.0794402601733135,ENSG00000259224,ENSG00000259224,SLC35G6
ENSG00000258740.1,-2.104956970096236,0.0464229598321932,,1.3332671732767072,,-1.3634284674938362,ENSG00000258740,ENSG00000258740,FOS-AS1
ENSG00000243648.1,-2.1022175434020385,0.0466846818954997,,1.330825596083855,,-1.492407124520847,ENSG00000243648,ENSG00000243648,RPS10P11
ENSG00000283594.1,2.100764392493549,0.0468240509886465,,1.3295310159723874,,1.448551451560099,ENSG00000283594,ENSG00000283594,FAM236C
ENSG00000230583.6,-2.100081198663682,0.0468897037305571,,1.3289225113129883,,-1.1564081671372384,ENSG00000230583,ENSG00000230583,GTF2IRD1P1
ENSG00000251018.2,-2.09969751453636,0.0469266107312524,,1.3285808115209137,,-1.3726154923040716,ENSG00000251018,ENSG00000251018,HMMR-AS1
ENSG00000259057.1,-2.0994415362475256,0.0469512480492095,,1.3283528589105258,,-1.056950651728899,ENSG00000259057,ENSG00000259057,THRAP3P2
ENSG00000143006.7,2.099246841310941,0.0469699947507373,,1.3281794883525389,,1.1060158307973698,ENSG00000143006,ENSG00000143006,DMRTB1
ENSG00000214671.4,-2.0989679358141995,0.0469968615749991,,1.3279311430466003,,-1.0259508237382422,ENSG00000214671,ENSG00000214671,RPL6P12
ENSG00000236114.1,-2.0988793095151657,0.0470054017854376,,1.3278522307705485,,-1.1014324158003754,ENSG00000236114,ENSG00000236114,LOC100130881
ENSG00000259544.1,-2.098609023178529,0.0470314557192635,,1.3276115787478788,,-1.129068357569789,ENSG00000259544,ENSG00000259544,
ENSG00000258111.1,-2.0984597755428296,0.0470458478172891,,1.32747870060258,,-1.4198492574763544,ENSG00000258111,ENSG00000258111,
ENSG00000267424.1,-2.0984535070088506,0.0470464523846481,,1.3274731196938898,,-1.5815209506979004,ENSG00000267424,ENSG00000267424,RTBDN-AS1
ENSG00000271537.1,-2.0984411237042786,0.0470476467101607,,1.3274620947946727,,-1.1894872654192736,ENSG00000271537,ENSG00000271537,
ENSG00000173918.14,-2.098350984108248,0.0470563411714256,,1.3273818440710583,,-1.0201723070959072,ENSG00000173918,ENSG00000173918,C1QTNF1
ENSG00000101327.8,-2.096765789975757,0.0472094774676939,,1.3259708064773033,,-1.015573973873928,ENSG00000101327,ENSG00000101327,PDYN
ENSG00000258130.7,-2.0964747330364704,0.0472376432592267,,1.325711777973107,,-1.6253757744360895,ENSG00000258130,ENSG00000258130,
ENSG00000178722.12,-2.096437190450782,0.0472412773789849,,1.3256783678082218,,-1.3308602383366388,ENSG00000178722,ENSG00000178722,LINC03122
ENSG00000266876.1,-2.0959142128823878,0.0472919276375063,,1.3252129836104911,,-1.081342587600432,ENSG00000266876,ENSG00000266876,STX18P1
ENSG00000237964.3,-2.095745010011467,0.047308325314817,,1.3250624254328724,,-1.20914808931337,ENSG00000237964,ENSG00000237964,RAD52P1
ENSG00000228407.2,2.0951337609624234,0.0473676047421703,,1.3245185758707136,,1.5827443963231351,ENSG00000228407,ENSG00000228407,
ENSG00000259622.1,-2.0936789843966586,0.047508957977168,,1.323224494938167,,-1.4764860552809047,ENSG00000259622,ENSG00000259622,LOC100288241
ENSG00000113248.5,-2.093174803681386,0.0475580347754709,,1.3227760998860332,,-1.1898467459696591,ENSG00000113248,ENSG00000113248,PCDHB15
ENSG00000125144.13,-2.0926850132677903,0.0476057543175398,,1.3223405490166524,,-1.3180704653066708,ENSG00000125144,ENSG00000125144,MT1G
ENSG00000198019.12,-2.092580280557476,0.0476159638332921,,1.322247420338506,,-1.1489435898611449,ENSG00000198019,ENSG00000198019,FCGR1BP
ENSG00000231104.8,2.0920025234438246,0.047672319806936,,1.321733714134668,,1.6658681950655625,ENSG00000231104,ENSG00000231104,
ENSG00000237174.7,-2.091535025497307,0.0477179645355154,,1.3213180899356292,,-1.302336755170702,ENSG00000237174,ENSG00000237174,FILIP1-AS1
ENSG00000259092.1,-2.0912366070914685,0.047747121445833,,1.32105280581581,,-1.438486449210539,ENSG00000259092,ENSG00000259092,TRAV30
ENSG00000235217.6,-2.091136013655841,0.047756953503103,,1.3209633853751537,,-1.1669776914935193,ENSG00000235217,ENSG00000235217,
ENSG00000250496.2,-2.090832295903767,0.0477866500468263,,1.320693413445967,,-1.45464707765902,ENSG00000250496,ENSG00000250496,ABT1P1
ENSG00000214581.6,-2.09081854376853,0.0477879950776743,,1.3206811897128927,,-1.6994843265456436,ENSG00000214581,ENSG00000214581,ZNF971P
ENSG00000215475.4,-2.090230387895836,0.0478455515501174,,1.3201584346278976,,-1.3254663678909278,ENSG00000215475,ENSG00000215475,SIAH3
ENSG00000261312.1,-2.090147220249255,0.0478536952795152,,1.320084520216546,,-1.43459936398609,ENSG00000261312,ENSG00000261312,
ENSG00000235527.6,-2.0899373251808204,0.0478742536078476,,1.3198979839166889,,-1.1921780620379507,ENSG00000235527,ENSG00000235527,HIPK1-AS1
ENSG00000259751.1,-2.0895871329262725,0.0479085710573025,,1.319586782412221,,-1.4801579319885705,ENSG00000259751,ENSG00000259751,TUBAP11
ENSG00000077498.8,-2.0894786890110466,0.0479192025968567,,1.3194904174690445,,-1.1046323369986026,ENSG00000077498,ENSG00000077498,TYR
ENSG00000228835.1,-2.089032969633837,0.047962921876773,,1.319094367768633,,-1.387077558944979,ENSG00000228835,ENSG00000228835,
ENSG00000251691.2,-2.088488554647812,0.0480163703733002,,1.3186106719846136,,-1.187734068544962,ENSG00000251691,ENSG00000251691,LOC100422022
ENSG00000232801.1,-2.0879373681648103,0.0480705379989322,,1.3181210172792988,,-1.2138865864256605,ENSG00000232801,ENSG00000232801,SDCBPP3
ENSG00000242419.5,-2.0875028353123293,0.0481132801026018,,1.3177350342447944,,-1.0721925959775158,ENSG00000242419,ENSG00000242419,PCDHGC4
ENSG00000185442.12,-2.0871023015319228,0.0481527080800897,,1.3173792833854032,,-1.0682096734595914,ENSG00000185442,ENSG00000185442,FAM174B
ENSG00000237033.2,-2.087051820309318,0.0481576794323772,,1.3173344485358347,,-1.236744202867726,ENSG00000237033,ENSG00000237033,CASP3P1
ENSG00000223416.3,-2.086821579750272,0.0481803591750723,,1.3171299667459253,,-1.837254424903184,ENSG00000223416,ENSG00000223416,RPS26P15
ENSG00000183250.11,-2.0863883525392746,0.0482230599540792,,1.3167452352898008,,-1.4098084035875509,ENSG00000183250,ENSG00000183250,LINC01547
ENSG00000213058.3,-2.085454958191064,0.0483151745613807,,1.315916447027919,,-1.4118408193885097,ENSG00000213058,ENSG00000213058,
ENSG00000232811.1,-2.0854272020290563,0.0483179161651826,,1.315891804053259,,-1.057551604841708,ENSG00000232811,ENSG00000232811,
ENSG00000230011.2,-2.085354947000596,0.0483250537798789,,1.3158276539824578,,-1.6734522318646825,ENSG00000230011,ENSG00000230011,CTSLP4
ENSG00000214178.3,-2.084074889754252,0.0484516590632434,,1.3146913474124795,,-1.42427525137201,ENSG00000214178,ENSG00000214178,PPIAP23
ENSG00000204532.6,-2.083996367742779,0.0484594350135201,,1.3146216535897823,,-1.1458230608425672,ENSG00000204532,ENSG00000204532,ZSCAN5C
ENSG00000132514.13,-2.0837038404374875,0.0484884135103118,,1.314362025308868,,-1.0582666235454954,ENSG00000132514,ENSG00000132514,CLEC10A
ENSG00000260874.5,2.083672197696081,0.0484915490499368,,1.31433394223848,,1.3396870444154578,ENSG00000260874,ENSG00000260874,
ENSG00000183798.4,-2.0834542628750663,0.0485131495567683,,1.314140529316982,,-1.140698240649593,ENSG00000183798,ENSG00000183798,EMILIN3
ENSG00000267532.4,-2.083253191174708,0.0485330863207744,,1.3139620901093534,,-1.1025344910257917,ENSG00000267532,ENSG00000267532,ALOX12-AS1
ENSG00000204368.6,-2.083121611953233,0.0485461366998953,,1.3138453255227247,,-1.2841709589728676,ENSG00000204368,ENSG00000204368,SSX20P
ENSG00000125995.15,2.083000502070337,0.0485581514776264,,1.3137378544358251,,1.372836943930879,ENSG00000125995,ENSG00000125995,ROMO1
ENSG00000258572.1,2.0829605229349224,0.0485621182156484,,1.3137023781662371,,1.157885716534932,ENSG00000258572,ENSG00000258572,SYNE3-AS1
ENSG00000229502.5,-2.081408909457158,0.0487162938276888,,1.3123257587866652,,-1.49263452137857,ENSG00000229502,ENSG00000229502,
ENSG00000234439.1,-2.081154569257514,0.0487416080058882,,1.3121001473596534,,-1.3619555535769403,ENSG00000234439,ENSG00000234439,KRT18P2
ENSG00000196183.5,2.080081475140728,0.0488485414195846,,1.311148399455606,,1.2704772234964368,ENSG00000196183,ENSG00000196183,RPS2P4
ENSG00000228819.1,-2.0797230313521378,0.0488843069396695,,1.3108305376728089,,-1.2980086508563242,ENSG00000228819,ENSG00000228819,AGKP2
ENSG00000257376.1,-2.0795771115439186,0.0488988735260885,,1.3107011455192994,,-1.4934611551898878,ENSG00000257376,ENSG00000257376,
ENSG00000244274.7,-2.079125239998566,0.0489440066754427,,1.310300481126237,,-1.2872544422442866,ENSG00000244274,ENSG00000244274,DBNDD2
ENSG00000174453.9,-2.0784319591866263,0.0490133243468153,,1.3096858403048477,,-1.1600444110472807,ENSG00000174453,ENSG00000174453,VWC2L
ENSG00000241929.1,-2.077857574820832,0.0490708206600201,,1.309176678820838,,-1.486360008852403,ENSG00000241929,ENSG00000241929,WDR70P1
ENSG00000280055.1,-2.077836121074618,0.0490729693646251,,1.309157662425545,,-1.468461807779261,ENSG00000280055,ENSG00000280055,LINC02912
ENSG00000161634.11,-2.0777975386499707,0.0490768338074921,,1.3091234635548508,,-1.301656128409301,ENSG00000161634,ENSG00000161634,DCD
ENSG00000183891.5,-2.0770545650713057,0.0491513036715302,,1.3084649586081794,,-1.008480165037142,ENSG00000183891,ENSG00000183891,TTC32
ENSG00000251332.1,-2.0769362830423543,0.0491631686584709,,1.308360133789227,,-1.3662660622802834,ENSG00000251332,ENSG00000251332,PSME2P4
ENSG00000270606.1,-2.076909909673436,0.0491658145463299,,1.3083367613417607,,-1.3034516203616326,ENSG00000270606,ENSG00000270606,PPIAP52
ENSG00000187103.3,2.07678172112826,0.0491786767769673,,1.3082231607577832,,1.202271280920183,ENSG00000187103,ENSG00000187103,FUNDC2P3
ENSG00000270242.1,-2.0764171153643503,0.049215277181334,,1.3079000645969816,,-1.6810339662774656,ENSG00000270242,ENSG00000270242,ACTR3BP1
ENSG00000006116.3,-2.07595085114319,0.0492621179110262,,1.3074869206069584,,-1.3214698499199322,ENSG00000006116,ENSG00000006116,CACNG3
ENSG00000229814.1,-2.075514156329667,0.0493060242583176,,1.3071000149558891,,-1.0267056369134238,ENSG00000229814,ENSG00000229814,RPL35AP21
ENSG00000263716.1,-2.0751292425631944,0.0493447534253899,,1.3067590168450325,,-1.5194709554048762,ENSG00000263716,ENSG00000263716,SLC25A51P2
ENSG00000233932.4,-2.074482306405204,0.0494099079839565,,1.306185954896196,,-1.5551019175515362,ENSG00000233932,ENSG00000233932,CTXN2
ENSG00000235942.2,-2.073002080273691,0.0495592746752309,,1.3048750583663922,,-1.5029863991986747,ENSG00000235942,ENSG00000235942,LCE6A
ENSG00000271482.1,-2.0729983560055185,0.0495596509922926,,1.3048717606627038,,-1.433450677245274,ENSG00000271482,ENSG00000271482,
ENSG00000243537.1,-2.072559548588383,0.0496040079823001,,1.3044832312865569,,-1.0698081289708528,ENSG00000243537,ENSG00000243537,RPL32P20
ENSG00000254418.1,-2.072290975194239,0.0496311743149542,,1.3042454489116606,,-1.8856854366331397,ENSG00000254418,ENSG00000254418,SPON1-AS1
ENSG00000236988.2,-2.072203527532352,0.0496400225591068,,1.3041680298063978,,-1.215907788383708,ENSG00000236988,ENSG00000236988,CTDSPL2P1
ENSG00000236732.1,-2.0721537887258825,0.0496450559253894,,1.304123995733259,,-1.155198885416485,ENSG00000236732,ENSG00000236732,RPL21P137
ENSG00000267470.5,-2.072119514179388,0.0496485246365181,,1.304093652540988,,-1.0547080463501983,ENSG00000267470,ENSG00000267470,ZNF571-AS1
ENSG00000164871.17,-2.071838389890316,0.0496769836327138,,1.303844782224352,,-1.4268685012472624,ENSG00000164871,ENSG00000164871,SPAG11B
ENSG00000203791.14,-2.0715382776270244,0.0497073809249187,,1.3035791191748407,,-1.5488898747496562,ENSG00000203791,ENSG00000203791,EEF1AKMT2
ENSG00000271503.5,2.071504433443917,0.0497108099234371,,1.3035491609725665,,1.3853865234694869,ENSG00000271503,ENSG00000271503,CCL5
ENSG00000227399.1,-2.071282458795401,0.0497333050186111,,1.3033526788403402,,-1.4709410143539832,ENSG00000227399,ENSG00000227399,RPL21P82
ENSG00000171124.12,-2.0708529263374333,0.0497768600317441,,1.302972502542547,,-1.0362138744999887,ENSG00000171124,ENSG00000171124,FUT3
ENSG00000178734.5,-2.0707518693808518,0.0497871122588265,,1.3028830628473955,,-1.1747016723980457,ENSG00000178734,ENSG00000178734,LMO7DN
ENSG00000231544.3,-2.07073961121487,0.0497883559779529,,1.302872213983449,,-1.219417533363431,ENSG00000231544,ENSG00000231544,RSL24D1P11
ENSG00000101470.9,-2.0706058408590637,0.0498019301843621,,1.3027538248673338,,-1.0238928571073158,ENSG00000101470,ENSG00000101470,TNNC2
ENSG00000255476.1,-2.070556465410898,0.0498069413417543,,1.3027101275947544,,-1.602775393547042,ENSG00000255476,ENSG00000255476,LOC101928008
ENSG00000235635.1,-2.070286877590068,0.0498343099930821,,1.3024715506120583,,-1.4195565028048365,ENSG00000235635,ENSG00000235635,
ENSG00000186788.13,-2.0700191707959887,0.049861500980377,,1.3022346520720467,,-1.5801672543248535,ENSG00000186788,ENSG00000186788,SPATA31D3
ENSG00000255157.1,-2.0698209940751395,0.0498816383352227,,1.3020592907936976,,-1.4382329478872709,ENSG00000255157,ENSG00000255157,DEFB130C
ENSG00000213423.4,-2.0697041180683224,0.0498935178774988,,1.3019558738735295,,-1.16542209161315,ENSG00000213423,ENSG00000213423,RBMX2P2
ENSG00000250568.1,-2.0687281158827653,0.0499928196970747,,1.3010923674613486,,-1.4949403029335202,ENSG00000250568,ENSG00000250568,
